Facility Name,Site Address,Facility Type,Last Inspection Date
18 Wheeler Restaurant,3613 Queen's Line Tilbury ON N0P 2L0,Restaurant,30-Sep-20
4 Corners Cafe,21006 Charing Cross Road Charing Cross ON N0P 1G0,Restaurant,15-Oct-20
A & W Restaurant,505 Grand Avenue W Chatham ON N7L 1C5,Restaurant,29-Jul-20
A&W,67 McNaughton Avenue Wallaceburg Ontario N8A 1R7,Restaurant,03-Nov-20
A-1 Chinese Restaurant,53 McNaughton Ave Wallaceburg ON N8A 1R9,Restaurant,09-Nov-20
Active Lifestyle Centre,20 Merritt Ave Chatham ON N7M 6G9,Restaurant,01-Dec-20
Andy's Place,419 St. Clair St Chatham ON N7L 3K4,Restaurant,19-Nov-20
Arby's Restaurant,1070 Richmond St Chatham ON N7M 5J5,Restaurant,28-Sep-20
Ashley's Place,75 Queen Street North Tilbury ON N0P 2L0,Restaurant,24-Sep-20
Backyard Burgers and More,2-425 St Clair Street Chatham N7L 3K4,Restaurant,02-Dec-20
Bangkok Café,A-161 Richmond Street Chatham ON N7M 5L9,Restaurant,02-Oct-20
Barnetti's Arcade,6-425 St. Clair Street Chatham ON N7L 3K4,Restaurant,03-Dec-20
Bayside Brew Pub,970 Ross Lane Erieau ON N0P 1N0,Restaurant,04-Dec-20
Big Chief Drive In,5001 Dufferin Ave Wallaceburg ON N8A 4M9,Restaurant,20-Nov-20
Bob' n Buoys,18 Main St Mitchell's Bay ON N0P 1L0,Restaurant,01-Oct-20
Boston Pizza,780 St Clair St Chatham ON N7M 5J7,Restaurant,28-Jul-20
Bothwell Diner,260 Main St Bothwell ON N0P 1C0,Restaurant,08-Dec-20
Bowlerama,100 Keil Dr S Chatham ON N7M 3H1,Restaurant,29-Sep-20
Burger King,766 St Clair Street Chatham ON N7M 5J7,Restaurant,29-Jul-20
Burger King,Highway 401 Eastbound Tilbury ON N0P 2L0,Restaurant,14-Oct-20
Burger King,Highway 401 Westbound W Tilbury ON N0P 2L0,Restaurant,01-Oct-20
Burn's Family Restaurant,265 St George St N Dresden ON N0P 1M0,Restaurant,04-Dec-20
Cajun Pepper 2 Restaurant,11-455 Grand Ave Chatham ON N7L 2X1,Restaurant,10-Sep-20
Campers Cove Family Campground,21097 Campers Cove Road Wheatley ON N0P 2P0,Restaurant,11-Sep-20
Casa Bella on the Thames,425 Riverview Dr S Chatham ON N7M 5J5,Restaurant,10-Dec-20
Cascades Casinos Chatham,615 Richmond St Chatham Ontario N7M 1R2,Restaurant,26-Aug-20
Central Tavern,24121 Winter Line Rd Pain Court ON N0P 1Z0,Restaurant,30-Jul-20
Centro,71 St. Clair St. Chatham ON N7L 3H8,Restaurant,17-Dec-20
Charlie's Cafe,45 Talbot Street W Blenheim ON N0P 1A0,Restaurant,10-Dec-20
Chatham Burgers,215 Grand Avenue W Chatham ON N7L 1C3,Restaurant,11-Dec-20
Chatham's Breakfast House & Grille Churrascaria,525 Grand Ave Chatham ON N7L 3Z2,Restaurant,02-Dec-20
Chilled Cork Food Emporium and Wine Bar,22 William Street S Chatham ON N7M 4S1,Restaurant,15-Dec-20
China House Restaurant,1540 Dufferin Avenue Wallaceburg ON N8A 4N8,Restaurant,25-Nov-20
Chuck's Roadhouse,65 McNaughton Avenue Wallaceburg ON N8A 1R7,Restaurant,03-Nov-20
Chuck's Roadhouse,395 Grand Avenue W Chatham ON N7L 1C4,Restaurant,10-Dec-20
Comfort & Soul,8-170 McNaughton Avenue W Chatham ON N7L 1R4,Restaurant,07-Oct-20
Comfort Inn,1100 Richmond St Chatham-Kent ON N7M 5J5,Restaurant,15-Oct-20
Common Ground Acoustic Cafe,104-5 Erie st Ridgetown ON N0P 2C0,Restaurant,02-Oct-20
Country Kitchen,415 Richmond Street Chatham ON N7M 1R1,Restaurant,15-Dec-20
Countryside Restaurant,393 Queen St Chatham ON N7M 2H8,Restaurant,10-Dec-20
Cozy Corners,1149 Dufferin Ave Wallaceburg ON N8A 2W2,Restaurant,02-Dec-20
CP Burger,664 Grand Ave Chatham ON N7L 1X6,Restaurant,07-Dec-16
Crave’s Poutinerie,218 Richmond St Chatham ON N7M 1P4,Restaurant,14-Dec-20
Crazy Eight Barn,14226 Talbot Trail Palmyra ON N0L 1X0,Restaurant,10-Jul-20
Dairy Queen,407 St. Clair Street Chatham ON N7L 3K4,Restaurant,20-Nov-20
Dana's Kitchen,221 Talbot St W Blenheim ON N0P 1A0,Restaurant,28-Sep-20
Dar's Family Restaurant,21180 Victoria Rd Ridgetown ON N0P 2C0,Restaurant,10-Mar-20
Deer Run Golf Club,19605 Bloomfield Road Blenheim ON N0P 1A0,Restaurant,24-Aug-20
Dresden Track Kitchen,1244 North Street Dresden ON N0P 1M0,Restaurant,16-Dec-20
Eau Buoys Grill 2700152 Ontario Inc.,1005 Vidler Ave Erieau ON N0P 1N0,Restaurant,03-Dec-20
El Tikalito,6 Talbot Road East Wheatley ON N0P 2P0,Restaurant,21-Aug-20
Eli's Trackside Restaurant,177 Queen Street Chatham ON N7M 2G9,Restaurant,15-Oct-20
Fast & Fresh Deli and Poutinery,73 London Road Thamesville ON N0P 2K0,Restaurant,15-Dec-20
Flapjacks,58 Queen St N Tilbury ON N0P 2L0,Restaurant,15-Dec-20
Flapjacks,300 Lacroix St Chatham ON N7M 2V7,Restaurant,27-Oct-20
Flapjacks,506 Bloomfield Road Chatham ON N7M 5J5,Restaurant,18-Sep-20
Flapjacks Lunch Shack,25 McFarlane St Chatham ON N7L 2K3,Restaurant,08-Dec-20
Fortune Express,104 Wellington St W Chatham ON N7M 1J1,Restaurant,15-Dec-20
Frendz Restaurant and Lounge,216 King St W Chatham ON N7M 1E5,Restaurant,27-Oct-20
Frick's Fish & Chips,541 Queen St Chatham ON N7M 2J4,Restaurant,30-Oct-20
Fuel 4 You,34 Byng Avenue Chatham ON N7M 3E2,Restaurant,17-Dec-20
Galaxy Cinemas Chatham,760 St Clair Street Chatham ON N7M 5J7,Restaurant,08-Dec-20
Godfather Pizza & Subs,474 St George Street S Dresden ON N0P 1M0,Restaurant,08-Jul-20
Godfathers Pizza,11 Main St E Ridgetown ON N0P 2C0,Restaurant,05-Jun-20
Golden Acres Curling Club,430 Catherine St Blenheim ON N0P 1A0,Restaurant,21-Jan-19
Golden Acres Lanes - Blenheim Bowling Alley,130 Marlborough Street N Blenheim ON N0P 1A0,Restaurant,24-Oct-19
Golden Crown Restaurant,B-421 St. Clair St Chatham ON N7L 3K4,Restaurant,25-Nov-20
GraveDiggerz' Restaurant,288 King St S Highgate ON N0P 1T0,Restaurant,05-Nov-20
Greenview Aviaries Duffy's Bar and Grill,12752 Talbot Trail Morpeth ON N0P 1X0,Restaurant,02-Jul-20
Gyros and More,5-180 McNaughton Ave. W Chatham ON N7L4Z7,Restaurant,19-Aug-20
Harvey's Restaurant,60 McNaughton Avenue Wallaceburg ON N8A 1R9,Restaurant,03-Nov-20
Harvey's Restaurants,25 St. Clair St Chatham ON N7L 3H6,Restaurant,22-Dec-20
Hidden Garden Cafe,519 King Street West Chatham ON N7M 1G8,Restaurant,
Hidden Hills Golf and Country Club,25393 St Clair Road Dover Centre ON N0P 1L0,Restaurant,01-Sep-20
Holiday Inn Express,575 Richmond Street Chatham ON N7M 5K8,Restaurant,24-Sep-20
Home Run Restaurant,202 Chatham Street S Blenheim ON N0P 1A0,Restaurant,07-Oct-20
"Hub Cafe, The",64 Ursuline Ave Chatham ON N7L 0A8,Restaurant,26-Mar-18
Hungry Man's Restaurant - Acropolis,29 Keil Drive S Chatham ON N7M 3G7,Restaurant,04-Nov-20
J & D Pizza,4 Young St Tilbury ON N0P 2L0,Restaurant,06-Oct-20
Jack's Family Restaurant,27 Chatham Street N Blenheim ON N0P 1A0,Restaurant,13-Nov-20
Jade Garden Restaurant & Tavern,409 McNaughton Ave W Chatham ON N7L 4K4,Restaurant,08-Dec-20
James Street Eatery,504 James St Wallaceburg ON N8A 2N9,Restaurant,24-Sep-20
Johnny Quests Adventures in Food & Drink,62 London Rd Thamesville ON N0P 2K0,Restaurant,11-Dec-20
Julie's Restaurant,9191 Talbot Trail Blenheim ON N0P 1A0,Restaurant,06-Mar-20
Kelsey's,804 Richmond Street Chatham ON N7M 5J5,Restaurant,09-Oct-20
KFC,5 Mill Street W Tilbury ON N0P 2L0,Restaurant,09-Oct-20
KFC,720 Grand Avenue West Chatham ON N7L 1C6,Restaurant,14-Aug-20
Knights Of Columbus Hall,20 Dupuis Street Tilbury ON N0P 2L0,Restaurant,18-Dec-20
Korean Fusion,443 St. Clair St Chatham ON N7L 3K6,Restaurant,02-Dec-20
Kurry Houzz & Grill Inc.,5A-427 St. Clair St. Chatham ON N7L 3K4,Restaurant,25-Aug-20
L A Roadhouse Restaurant,186 Peter Street S Bothwell ON N0P 1C0,Restaurant,03-Dec-20
Library Café,120 Queen St Chatham ON N7M 2G6,Restaurant,12-Feb-20
Lil' Dutchies Pizza,86 London Rd Thamesville ON N0P 2K0,Restaurant,03-Sep-20
Lil Hil's Coffee Shop,13 Talbot Road West Wheatley ON N0P 2P0,Restaurant,11-Sep-20
Loaded 2 Go,203 King St. West Chatham Ontario N7M 1E6,Restaurant,27-Oct-20
Lucky Kitchen Restaurant,81 London Rd Thamesville ON N0P 2K0,Restaurant,11-Dec-20
Lucky Wok,4 Talbot Road EA Wheatley ON N0P 2P0,Restaurant,24-Sep-20
Luigi's Pizza,"78 McNaughton Avenue Wallaceburg, Ontario N8A 1R9",Restaurant,10-Dec-20
Mamma Maria's Ristorante,231 King St W Chatham ON N7M 1E6,Restaurant,24-Nov-20
Maple City Country Club,10845 River Line Chatham ON N7M 5J4,Restaurant,13-Sep-19
McDonald's,50 McNaughton Avenue Wallaceburg ON N8A 1R9,Restaurant,10-Dec-20
McDonald's,881 St Clair St Chatham ON N7M 5J7,Restaurant,03-Dec-20
McDonald's,411 St. Clair Street Chatham ON N7L 3K4,Restaurant,23-Dec-20
McDonald's,710 Richmond St Chatham ON N7M 1P5,Restaurant,16-Dec-20
Midori Sushi,155 Grand Ave W Chatham-Kent ON N7L 1B9,Restaurant,08-Dec-20
Mike's Place,564 Queen Street Chatham ON N7M 2J6,Restaurant,12-Aug-20
MJ's Pizza,19 Erie Street NO Wheatley ON N0P 2P0,Restaurant,15-Dec-20
Molly And O.J.'s Restaurant & Tavern,875 Mariners Road Erieau ON N0P 1N0,Restaurant,17-Dec-20
Moose Lodge #1692,850 Richmond Street Chatham ON N7M 5J5,Restaurant,10-Dec-20
Mr. Sub,640 Richmond Street Chatham ON N7M 1R4,Restaurant,16-Dec-20
My House Restaurant,422 St. George Street S Dresden ON N0P 1M0,Restaurant,02-Dec-20
My Mother's Kitchen,628 Main Street N Bothwell ON N0P 1C0,Restaurant,03-Dec-20
Oven 360,346 St. Clair St. Chatham ON N7L 3K2,Restaurant,22-Dec-20
Park Day Program,1099 Park Avenue W Chatham ON N7M 5L3,Restaurant,30-Sep-20
Parks (Blueberries) - Restaurant,14815 Longwoods Rd Bothwell ON N0P 1C0,Restaurant,27-Nov-20
Parkside Cabins,7 Main Street Dover Centre ON N0P 1L0,Restaurant,06-Aug-20
Pinnell's Coffee Shop,40 Main Street E Ridgetown ON N0P 2C0,Restaurant,04-Nov-20
Pita Pit,1-61 McNaughton Avenue Wallaceburg ON N8A 1R7,Restaurant,02-Dec-20
Pizza Hut,116 Keil Dr S Chatham ON N7M 3H1,Restaurant,14-Aug-20
Popeyes,756 St Clair Street Chatham ON N7M 5J7,Restaurant,05-Aug-20
Quesada,861 St Clair Street Chatham ON N7L 0E9,Restaurant,09-Oct-20
Quo Vadis Pizzeria,316 St. Clair Street Chatham ON N7L 3K1,Restaurant,30-Nov-20
Renny's The Village Smokehouse,7 Talbot Road West Wheatley ON N0P 2P0,Restaurant,24-Sep-20
Rice and Noodle,112 Keil Dr S Chatham ON N7M 3H1,Restaurant,16-Nov-20
Ridgetown Bowling Lanes Restaurant,11 York Street E Ridgetown ON N0P 2C0,Restaurant,06-Mar-20
Ridgetown Golf and Curling Club Restaurant,12438 Golf Course Line Ridgetown ON N0P 2C0,Restaurant,20-May-20
River Rock/The Garden,187/193 King Street W Chatham ON N7M 1E4,Restaurant,24-Jun-20
Riverport Restaurant,524 James Street Wallaceburg ON N8A 2N9,Restaurant,11-Dec-20
Rondeau Joe's,11521 Wildwood Line Rondeau ON N0P 1X0,Restaurant,14-May-20
Rondeau Provincial Park Store,17950 Rondeau Rd Rondeau ON N0P 1X0,Restaurant,16-Aug-19
Rondeau Rod & Gun Club,10260 Campbell Line Blenheim ON N0P 1A0,Restaurant,24-Sep-20
Rose's Family Restaurant,10 Queen Street N Tilbury ON N0P 2L0,Restaurant,30-Sep-20
Rossini's Restaurant,634 Grand Ave Chatham ON N7L 1X6,Restaurant,03-Sep-20
Royal Canadian Legion Branch #185,34 Catherine St Blenheim ON N0P 1A0,Restaurant,17-Dec-20
Royal Canadian Legion Branch #642,39 William Street N Chatham ON N7M 4L3,Restaurant,29-Oct-20
Ruby's Eatery,308 St George Street S Dresden ON N0P 1M0,Restaurant,02-Dec-19
Sally's Variety And Restaurant,132 Queen Street SO Tilbury ON N0P 2L0,Restaurant,05-Oct-20
Sam's Percolator,85 Thames St Chatham ON N7L 2Z5,Restaurant,19-Nov-20
Sam's Restaurant and Broasted Chicken,26 Main St E Ridgetown ON N0P 2C0,Restaurant,26-Aug-20
Satellite Restaurant (Kent) Ltd.,145 King St W Chatham ON N7M 1E4,Restaurant,30-Oct-20
Saxony Motel - Restaurant,521 Grand Avenue Chatham ON N7L 3Z2,Restaurant,16-Sep-20
Shady Pine Family Restaurant,9464 Longwoods Road Chatham ON N7M 5J1,Restaurant,15-Dec-20
Shepherd's Way Inn,260 King Street W Chatham ON N7M 1E7,Restaurant,12-Nov-19
Smitty's Restaurant,305 Grand Ave W Chatham ON N7L 1C3,Restaurant,14-Dec-20
Sons of Kent,27 Adelaide St. South Chatham Ontario N7M 4P9,Restaurant,04-Dec-20
Southside Tap & Grille,936 Charing Cross Road Chatham ON N7M 5K4,Restaurant,17-Dec-20
Spice & Curry,49 Keil Drive S Chatham ON N7M 3G7,Restaurant,18-Aug-20
Starbucks,806 St. Clair St. Chatham Ontario N7M 5J7,Restaurant,16-Jun-20
Stephen's II Restaurant,15 Talbot Street W Blenheim ON N0P 1A0,Restaurant,16-Dec-20
Stephen's Restaurant,11 Main St W Ridgetown ON N0P 2C0,Restaurant,03-Mar-20
Steve's Pizzeria,4-455 Grand Ave Chatham ON N7L 1X4,Restaurant,18-Aug-20
Subway,14 Erie Street N Wheatley ON N0P 2P0,Restaurant,14-Dec-20
Subway,455 Grand Avenue Chatham ON N7L 1X4,Restaurant,02-Sep-20
Subway,170 Talbot Street W Blenheim ON N0P 1A0,Restaurant,25-Nov-20
Subway,438 St George St S Dresden ON N0P 1M0,Restaurant,07-Oct-20
Subway,447 St Clair Street Chatham ON N7L 3K6,Restaurant,26-Nov-20
Subway,30 McNaughton Ave Wallaceburg ON N8A 1R9,Restaurant,10-Dec-20
Subway,90 Queen Street NO Tilbury ON N0P 2L0,Restaurant,26-Oct-20
Subway,75 Keil Drive S Chatham ON N7M 3G9,Restaurant,26-Oct-20
Subway,380 Queen Street Chatham ON N7M 2H6,Restaurant,09-Jul-20
Sunny Glades Nature Park - Restaurant,29944 Zone Rd 7 Bothwell ON N0P 1C0,Restaurant,19-Aug-20
Super 8 Motel,25 Michener Rd Chatham ON N7L 4B8,Restaurant,21-Jan-20
Swiss Chalet,160 Keil Dr S Chatham ON N7M 5Y6,Restaurant,13-Jul-20
Sydenham Community Curling Club,7379 North River Line Wallaceburg ON N9A 2Y0,Restaurant,03-Dec-20
Taco Bell,328 St. Clair Street Chatham ON N7L 3K5,Restaurant,22-Dec-20
Talbot Trail Golf Club,790 Talbot Trail Wheatley ON N0P 2P0,Restaurant,11-Sep-20
Tasty Kitchen,57 Main St W Ridgetown ON N0P 2C0,Restaurant,27-Aug-20
Tasty Lunch,79 King Street W Chatham ON N7M 1C7,Restaurant,30-Oct-20
T-Bones,953 Charing Cross Rd Chatham ON N7M 5H9,Restaurant,01-Dec-20
Ten Seven Cafe & Lounge,B-595 St. Clair Street Chatham ON N7L 3L3,Restaurant,25-Sep-19
The Black Goose Grill,525 James Street Wallaceburg ON N8A 2P1,Restaurant,11-Dec-20
The Boomtown Diner,255 Main St Bothwell ON N0P 1C0,Restaurant,07-Aug-20
The Car Barn,23 Talbot Rd E Wheatley ON N0P 2P0,Restaurant,16-Oct-20
The Clubhouse at Baldoon,7018 Dufferin Ave Wallaceburg ON N8A 4M8,Restaurant,23-Dec-20
The Garage,3 Stanley Ave Merlin ON N0P 1W0,Restaurant,16-Dec-20
The Jazzbah,270 King Street West W Chatham ON N7M 1E7,Restaurant,14-Sep-20
The Links of Kent,120 Indian Creek W Chatham ON N7M 5J5,Restaurant,11-Dec-20
The Pit Crew Café,Unit 1-254 Talbot Street Blenheim ON N0P 1A0,Restaurant,15-Dec-20
The Pogue,15 Erie Street North Wheatley ON N0P 2P0,Restaurant,16-Sep-20
The Stubby Goat,153 Nelson Street Wallaceburg Ontario N8A 4G2,Restaurant,25-Nov-20
Tim Hortons,510 Grand Avenue Chatham ON N7L 3Z2,Restaurant,31-Jul-20
Tim Hortons,32 London Rd Thamesville ON N0P 2K0,Restaurant,15-Dec-20
Tim Hortons,756 St Clair Rd Chatham ON N7M 5J7,Restaurant,24-Jul-20
Tim Hortons,500 Bloomfield Road Chatham ON N7M 5J5,Restaurant,30-Oct-20
Tim Hortons,41 Park Avenue E Chatham ON N7M 3V3,Restaurant,25-Nov-20
Tim Hortons,33 Third Street Chatham ON N7M 2M4,Restaurant,09-Jul-20
Tim Hortons,79 Talbot St W Blenheim ON N0P 1A0,Restaurant,10-Dec-20
Tim Hortons,1184 North Street Dresden ON N0P 1M0,Restaurant,02-Dec-20
Tim Hortons,20 Keil Dr Chatham ON N7M 3G8,Restaurant,26-Oct-20
Tim Hortons,6 Mill St W Tilbury ON N0P 2L0,Restaurant,09-Oct-20
Tim Hortons,848 Dufferin Avenue Wallaceburg ON N8A 2V5,Restaurant,01-Dec-20
Tim Hortons,60 McNaughton Avenue Wallaceburg ON N8A 1R9,Restaurant,03-Nov-20
Tim Hortons,368 St. Clair Street Chatham ON N7L 3K2,Restaurant,17-Nov-20
Tim Hortons,Highway 401 W Tilbury ON N0P 2L0,Restaurant,01-Oct-20
Tim Hortons,20474 Victoria Road Ridgetown ON N0P 2C0,Restaurant,17-Jun-20
Tim Hortons,159 Lacroix Chatham ON N7M 2V3,Restaurant,08-Jul-20
Tim Hortons,Highway 401 E Tilbury ON N0P 2L0,Restaurant,14-Oct-20
Tokyo Sushi,A-150 Richmond Street Chatham ON N7M 1N9,Restaurant,29-Oct-20
Tru's Grillhouse,220 Riverview Dr Chatham ON N7M 5Z8,Restaurant,20-Aug-20
Ultimate Sports Bar,304 St. Clair St. Chatham ON N7L 3K1,Restaurant,07-Dec-20
Venus De Milo Restaurant / Fat Jimmy'z,50 Talbot St W Blenheim ON N0P 1A0,Restaurant,06-Nov-20
Vimex Corner,806 Elgin St Wallaceburg ON N8A 3C5,Restaurant,
Wallaceburg Days Inn,76 McNaughton Ave Wallaceburg ON N8A 1R9,Restaurant,03-Feb-20
Wendy's,58 McNaughton Avenue Wallaceburg ON N8A 1R9,Restaurant,09-Nov-20
Wendy's,450 St. Clair St Chatham ON N7L 3K7,Restaurant,18-Nov-20
Wildwood By The Lake Trailer Park Restaurant,12443 Rose Beach Line Morpeth ON N0P 1X0,Restaurant,09-Jul-20
William Street Cafe,28 William Street S Chatham ON N7M 4S1,Restaurant,13-Oct-20
Willow Ridge Golf and Country Club,439 Chatham St S Blenheim ON N0P 1A0,Restaurant,25-Feb-20
Wimpys Diner,3921 Grand Ave. W Chatham ON N7L 1C4,Restaurant,01-Sep-20
Wood Craft Pizza & Bar,71 Queen St N Tilbury ON N0P 2L0,Restaurant,
Yeck's Smokehouse Grill,20137 Erie Street S Ridgetown ON N0P 2C0,Restaurant,08-Oct-19
Yeck's Station 11,78 Erie Street South Ridgetown ON N0P 2C0,Restaurant,09-Mar-20
Yeck's The Other Place,5 Erie Street N Ridgetown ON N0P 2C0,Restaurant,09-Jan-20
Zee's Bistro,773 St Clair Street Chatham ON N7M 5J7,Restaurant,23-Sep-20
