Facility Name,Site Address,Community,Facility Type
# 5 Rivers Restaurant and Bar Indian Cuisine,2-1035 Mississauga St W Orillia ON L3V 3C7,Orillia,Restaurant
1 Fish 2 Fish Fish & Chips,11 Mill Street West Tottenham ON L0G 1W0,Tottenham,Restaurant
125 Breakfast Club,125 Mississaga Street E Orillia ON L3V 1V6,Orillia,Restaurant
2 4 1 Pizza,4-248 Manitoba St Bracebridge ON P1L 2E1,Bracebridge,Restaurant
2 4 1 Pizza,990 Innisfil Beach Road Alcona ON L9S 2B5,Alcona,Restaurant
201 Grill & Game Bar,201 Woodside Dr Orillia ON L3V 6T4,Orillia,Restaurant
3 GUYS And A Stove,143 Highway 60 E Huntsville ON P1H 1C2,Huntsville,Restaurant
331 Atherley Diner,331 Atherley Rd Orillia ON L3V 1N8,Orillia,Restaurant
51st Street Diner,2107 Mosley St Wasaga Beach ON L9Z 1X6,Wasaga Beach,Restaurant
55 Games Lounge,600-603-55 Cedar Pointe Dr Barrie ON L4N 5R7,Barrie,Restaurant
"7 Spice Fast Casual Multi-Cuisine, The",353 Duckworth St Barrie ON L4M 5C2,Barrie,Restaurant
98 Super Panda,50 Hurontario St Collingwood ON L9Y 2L6,Collingwood,Restaurant
98 Super Panda,3-30 45th St S Wasaga Beach ON L9Z 0A6,Wasaga Beach,Restaurant
A Taste of Europe,1335 Killarney Beach Rd Lefroy ON L0L 1W0,Lefroy,Restaurant
A Taste of Freedom Country Inn,24 Mill St W Tottenham ON L0G 1W0,Tottenham,Restaurant
A&W,10 Dunham Dr Alliston ON L9R 1V2,Alliston,Restaurant
A&W,490 Bayfield St Barrie ON L4M 5A2,Barrie,Restaurant
A&W,14 Depot Dr Bracebridge ON P1L 0A1,Bracebridge,Restaurant
A&W,705-175 Hanes Rd Huntsville ON P1H 1M4,Huntsville,Restaurant
A&W,11-649 Yonge St Barrie ON L4N 4E7,Barrie,Restaurant
A&W,143 Mapleview Dr W Barrie ON L4N 9H7,Barrie,Restaurant
A&W,9271 County Road 93 Midland ON L4R 4K4,Midland,Restaurant
A&W,577 Holland St W Bradford ON L3Z 0C1,Bradford,Restaurant
A&W,3315 Monarch Dr Orillia ON L3V 7Z4,Orillia,Restaurant
A&W,661 Atherley Rd Orillia ON L3V 1P1,Orillia,Restaurant
A&W,7 Balsam Street Collingwood ON L9Y 5H6,Collingwood,Restaurant
Abrisham Restaurant,6-126 Bridge Street Bradford ON L3Z 3H2,Bradford,Restaurant
Ace Chinese Food,28 Mississaga Street E Orillia ON L3V 1V5,Orillia,Restaurant
Ace Grill,1-34 Yonge Street S Elmvale ON L0L 1P0,Elmvale,Restaurant
Affogato Cafe + Gelato,2-76 Main St E Huntsville ON P1H 2C7,Huntsville,Restaurant
Aji Sai Japanese Restaurant,359 Bayfield Street Barrie ON L4M 3C3,Barrie,Restaurant
Akira Japanese Cuisine,17 Mulcaster St Barrie ON L4M 3M2,Barrie,Restaurant
Akita Sushi,7-456 Holland Street W Bradford ON L3Z 2A4,Bradford,Restaurant
AL Carbon,61-Hurontario Street Collingwood ON L9Y 2L7,Collingwood,Restaurant
Algonquin Cafe and Deli,234 Main St W Huntsville ON P1H 1Y1,Huntsville,Restaurant
Allandale Golf Course,3699 20th Sideroad Innisfil ON L9S 2X8,Innisfil,Restaurant
Alliance Billiards & Sports Bar,1-2-33 Alliance Boulevard Barrie ON L4M 5K2,Barrie,Restaurant
Allora,"19 Main Street East Huntsville, Ont",Huntsville,Restaurant
Allstar Roadhouse Bar & Grill,59 Victoria St W Alliston ON L9R 1T1,Alliston,Restaurant
ANAVETS,52 Morrow Rd Barrie ON L4N 3V8,Barrie,Restaurant
Andrea's Steak & Sea Food House,264 Manitoba Street Bracebridge ON P1L 1S5,Bracebridge,Restaurant
Andy's Place Restaurant,107-19 Hart Drive Barrie ON L4N 5M3,Barrie,Restaurant
Angie's Place Caribbean Eatery,5968-27 28 Sideroad Nottawasaga Stayner ON L0M 1S0,Stayner,Restaurant
Apple Annie's Café,101 Mississaga St E Orillia ON L3V 1V6,Orillia,Restaurant
Apple Blossom Village,204 Line 15 N Oro-Medonte ON L3V 0H7,Oro-Medonte,Restaurant
Applebee's Neighborhood Grill & Bar,326 Bayfield St Barrie ON L4M 3C1,Barrie,Restaurant
Arabesque Foods of the Middle East,43 Maple Ave Barrie ON L4N 1R9,Barrie,Restaurant
Arby's,385 Memorial Ave Orillia ON L3V 6K8,Orillia,Restaurant
"Arch Steak House, The",771 Yonge Street Midland ON L4R 2E1,Midland,Restaurant
Arrowhead Camp,1111 Ronville Rd Dwight ON P0A 1H0,Lake of Bays,Restaurant
"Artisan House, The",21 West St S Huntsville ON P1H 1P2,Huntsville,Restaurant
Ashanti Café,510 First St Collingwood ON L9Y 1B8,Collingwood,Restaurant
Asia Wok,15-16-20 Bell Farm Rd Barrie ON L4M 6E4,Barrie,Restaurant
Auntie Jo's Kitchen,216-80 Bradford Street Barrie ON L4N 6S7,Barrie,Restaurant
Avenue Cibi & Vini,1-235 Sunseeker Avenue Innisfil ON,Innisfil,Restaurant
AvocoBar,B2-561 Bryne Dr Barrie ON L4N 9Y3,Barrie,Restaurant
AvocoBar,22-149 Welham Rd Barrie ON L4N 8Y3,Barrie,Restaurant
AvocoBar,1-18 Cundles St E Barrie ON L4M 2Z5,Barrie,Restaurant
Ay Chihuahua! Mexican Goods,16A-6048 Hwy 9 & 27 Schomberg ON L0G 1T0,Schomberg,Restaurant
B.B. Friday's,201 Hurst Drive Barrie ON L4N 8K8,Barrie,Restaurant
Baba Dhaba Fine Dining,2240 Highway S Oro-Medonte ON L0L 2L0,Oro-Medonte,Restaurant
Bacio Trattoria,66 Dunlop St W Barrie ON L4N 1A3,Barrie,Restaurant
Baked,12 Manitoba Street Bracebridge ON P1L 1R9,Bracebridge,Restaurant
Baked and Pickled,137 Hurontario St Collingwood ON L9Y 2L9,Collingwood,Restaurant
Bala Falls Pub,1010 Bala Falls Rd Bala ON P0C 1A0,Bala,Restaurant
"Baldwins Resort, The",1024 Golf Ave Rd Windermere ON P0B 1P0,Windermere,Restaurant
Balm Beach Bar and Smokehouse,1 Tiny Beaches Road N Tiny ON L0L 2J0,Tiny,Restaurant
Bamboo Terrace,2-291 Main Street Wasaga Beach ON L9Z 0B6,Wasaga Beach,Restaurant
Bangkok Saigon Noodle,136 Holland Street E Bradford ON L3Z 2P7,Bradford,Restaurant
Bank Cafe,179 Mill St Creemore ON L0M 1G0,Creemore,Restaurant
barBURRITO,7B-17 King St Angus ON L0M 1B0,Angus,Restaurant
barBURRITO,C2-50 King St S Alliston ON L9R 1H6,Alliston,Restaurant
Barcelos Restaurant & Grill,22 Sunnidale Rd Wasaga Beach ON L9Z 2M5,Wasaga Beach,Restaurant
Barnstormer Brewing Company,3-384 Yonge St Barrie ON L4N 4C8,Barrie,Restaurant
Barrie Burger,404 Dunlop St W Barrie ON L4N 1C2,Barrie,Restaurant
Barrie Burger,4-222 Mapleview Drive West Barrie ON L4N 9E7,Barrie,Restaurant
Barrie Country Club,635 St Vincent Street N Springwater ON L4M 4V1,Springwater,Restaurant
Barrie Molson Centre,555 Bayview Dr Barrie ON L4N 8Y2,Barrie,Restaurant
Bass Lake Roadhouse,4700 Muskoka Rd 169 W Foot's Bay ON P0C 1A0,Foot's Bay,Restaurant
Baton Rouge Steakhouse & Bar,336 Bayfield St Barrie ON L4M 3B9,Barrie,Restaurant
Batteaux Creek Golf Club,7422 Sideroad 30 31 Nottawa ON L0M 1P0,Nottawa,Restaurant
Bayside Restaurant,500 Atherley Rd Orillia ON L3V 7Y1,Orillia,Restaurant
Bayview Wildwood Resort,1500 Port Stanton Pkwy Severn Bridge ON P0E 1N0,Severn Bridge,Restaurant
"Beacon Restaurant, The",146 45th St N Wasaga Beach ON L9Z 1Z2,Wasaga Beach,Restaurant
Beaver and Bulldog Sports Pub & Wingery,195 First St Collingwood ON L9Y 1A6,Collingwood,Restaurant
Beaver Tails,69 Main Street E Huntsville ON P1H 2B8,Huntsville,Restaurant
Bedrock Cafe,9393 Highway 11 S Severn ON L3V 6H3,Severn,Restaurant
Beertown Public House,12 Fairview Road Barrie ON L4N 4P3,Barrie,Restaurant
Belle Aire Beach Bar and Grill,1111 Killarney Beach Road Lefroy ON L0L 1W0,Belle Ewart,Restaurant
Bent Taco,48 Pine St Collingwood ON L9Y 2N7,Collingwood,Restaurant
Bentley's,380 First St Collingwood ON L9Y 1B5,Collingwood,Restaurant
Bernie's Pizza & Wings,3-52 Queen St W Cookstown ON L0L 1L0,Cookstown,Restaurant
Best Western Plus,86 Howland Dr Huntsville ON P1H 1M3,Huntsville,Restaurant
Best Western Plus Portage Italian Bistro,440 Couchiching Point Rd Orillia ON L3V 6P8,Orillia,Restaurant
Bethune's Bistro,205 Muskoka Rd S Gravenhurst ON P1P 1H6,Gravenhurst,Restaurant
Bibby's Corner,12-50 Main St E Beeton ON L0G 1A0,Beeton,Restaurant
Big Bone BBQ & Wicked Wings,7-190 Minets Point Rd Barrie ON L4N 4C3,Barrie,Restaurant
Big Cedar Golf Club,1590 Houston Ave Innisfil ON L9S 4M7,Innisfil,Restaurant
Big Chute Marina,1881 Whites Falls Rd Coldwater ON L0K 1E0,Coldwater,Restaurant
Big Momma's Soul Food,19 Simcoe Rd Bradford ON L3Z 2A8,Bradford,Restaurant
Big Pho,C-145 Mapleview Dr W Barrie ON L4N 9H7,Barrie,Restaurant
"Bigwin Island Golf Club, The",1137 Old Highway 117 Baysville ON P0B 1A0,Bigwin Island,Restaurant
"Bigwin Island Golf Club, The - Members Club",1137 Old Highway 117 Baysville ON P0B 1A0,Bigwin Island,Restaurant
Bill's Pizza,216 Manitoba St Bracebridge ON P1L 2E1,Bracebridge,Restaurant
Bleu Garden Restaurant,740 Yonge Street Midland ON L4R 2E5,Midland,Restaurant
Blue Moon Junction,9620 Highway 11 South Washago ON L0K 2B0,Washago,Restaurant
Blue Mountain Golf & Country Club,706 Line 10 Collingwood ON L9Y 3Z4,Collingwood,Restaurant
"Blue Willow Tea Shop, The",2-900 Bay Street Gravenhurst ON P1P 1Z9,Gravenhurst,Restaurant
Bluewater Fish & Grill,7159 Main Street E Stayner ON L0M 1S0,Stayner,Restaurant
"Boathouse Eatery, The",177 King Street Midland ON L4R 3L9,Midland,Restaurant
Bohemia,125 Dunlop St E Barrie ON L4M 1A6,Barrie,Restaurant
Boiler Room Tap & Grill,25748 Hwy 35 Dwight Ontario P0A 1H0,Dwight,Restaurant
Bollywood Spice,202 Victoria Street East Alliston ON L9R 1K6,Alliston,Restaurant
Bonaire Golf Club,1699 Woodrow Ave Coldwater ON L0K 1E0,Coldwater,Restaurant
Bond Head Restaurant,2940 Highway 27 Bond Head ON L0G 1B0,Bond Head,Restaurant
Booster Juice,3220 Monarch Dr Orillia ON L3V 8A2,Orillia,Restaurant
Boston Pizza,447 Cundles Rd E Barrie ON L4M 0J7,Barrie,Restaurant
Boston Pizza,311 Main St Wasaga Beach ON L9Z 0B6,Wasaga Beach,Restaurant
Boston Pizza,1100 Bay Street Gravenhurst ON P1P 1Z9,Gravenhurst,Restaurant
Boston Pizza,481 Bryne Dr Barrie ON L4N 9R1,Barrie,Restaurant
Boston Pizza,7 John St Huntsville ON P1H 1H2,Huntsville,Restaurant
Boston Pizza,390 First Street Collingwood ON L9Y 1B5,Collingwood,Restaurant
Boston Pizza,27 Young St Alliston ON L9R 1B5,Alliston,Restaurant
Boston Pizza,438 Holland Street W Bradford ON L3Z 0G1,Bradford,Restaurant
Boston Pizza,10 Depot Dr Bracebridge ON P1L 0A1,Bracebridge,Restaurant
Boston Pizza,D-16835 Highway 12 Midland ON L4R 0A9,Midland,Restaurant
Boston Pizza,3300 Monarch Drive Orillia ON L3V 8A2,Orillia,Restaurant
Bounty Fish & Chips,18 Colborne St W Orillia ON L3V 2Y3,Orillia,Restaurant
Bourbon,31 Bayfield St Barrie ON L4M 3A6,Barrie,Restaurant
Bowlerama Barrie,M2-320 Bayfield St Barrie ON L4M 3C1,Barrie,Restaurant
Bozco's,50 Coldwater Rd Coldwater ON L0K 1E0,Coldwater,Restaurant
Bracebridge Barrel House,15-295 Wellington Street Bracebridge P1P 1P3,Bracebridge,Restaurant
Bracebridge Golf Club,1255 Muskoka Rd 117 Bracebridge ON P1L 1W9,Bracebridge,Restaurant
Bradford Caribbean Cuisine,176 Holland St W Bradford West Gwillimbury ON L3Z 1J2,Bradford West Gwillimbury,Restaurant
Bradford Highland Golf Club,23 Brownlee Drive Bradford ON L3Z 2A4,Bradford,Restaurant
Bradford Tic-Tac Sports Bar & Grill,26 Holland St W Bradford ON L3Z 2B8,Bradford,Restaurant
Break Time,61 Missassaga St E Orillia ON L3V 1V4,Orillia,Restaurant
Breakaway Sports Bar,6015 Highway 89 Alliston ON L9R 1A4,Alliston,Restaurant
"Breakfast Club, The",1-6048 Highway 9 New Tecumseth ON L0G 1T0,New Tecumseth,Restaurant
"Breakfast House, The",1-359 Bayfield Street Barrie ON L4M 3C3,Barrie,Restaurant
Brewery Bay Food Company,117 Mississaga St E Orillia ON L3V 1V6,Orillia,Restaurant
Brgrz,316 Hume St Collingwood ON L9Y 1W3,Collingwood,Restaurant
Brick N Fire,310-300 Holland Street W Bradford ON L3Z 1J2,Bradford,Restaurant
British Arms,29 Dunlop St E Barrie ON L4M 1A2,Barrie,Restaurant
British Cuisine Fish and Chips,7-1256 Mosley St Wasaga Beach ON L9Z 2E2,Wasaga Beach,Restaurant
Brooklea Golf & Country Club,8567 Highway 93 Midland ON L4R 4K4,Midland,Restaurant
Brunello,27 Fourth St E Collingwood ON L9Y 1T2,Collingwood,Restaurant
Bruno's Bakery & Cafe,8-808 Innisfil Beach Rd Alcona ON L9S 2C3,Alcona,Restaurant
Bspoke Kitchen and Market,55 Collier St Barrie ON L4M 1G7,Barrie,Restaurant
Buffalo Wild Wings,139 Park Place Boulevard Barrie ON L4N 6B1,Barrie,Restaurant
"Bull & Barrel Pub, The",901-75 Cedar Pointe Dr Barrie ON L4N 5R7,Barrie,Restaurant
Burger Barr,2-505 King Street Midland ON L4R 3N5,Midland,Restaurant
Burger Boyz,50 Mosley St Wasaga Beach ON L9Z 2P6,Wasaga Beach,Restaurant
Burger King,C-43 Beach Drive Wasaga Beach ON L9Z 2K2,Wasaga Beach,Restaurant
Burger King,269 Memorial Ave Orillia ON L3V 5X9,Orillia,Restaurant
Burger King,M-551 Holland Street W Bradford ON L3Z 0C1,Bradford,Restaurant
Burger King,9226 County Road 93 Midland ON L4R 4K4,Midland,Restaurant
Burger King,320 Bayfield St Barrie ON L4M 3C1,Barrie,Restaurant
Burger Pit Restaurant,5 Booth St Hawkestone ON L0L 1T0,Hawkestone,Restaurant
"Burger Shop, The",309 Eccelstone Dr Bracebridge ON P1L 1G4,Bracebridge,Restaurant
"Burger's Priest, The",1-120 Concert Way Barrie ON L4N 0M7,Barrie,Restaurant
Burrito Boyz,8873 Highway 11 N Severn ON L3V 6H8,Severn,Restaurant
"Butcher's Daughters, The",260 Muskoka Road South Gravenhurst ON P1P 1J2,Gravenhurst,Restaurant
Butter Chicken Roti,975 West Ridge Blvd Orillia ON L3V 8A3,Orillia,Restaurant
C W Coops,6-2 Massey Street Angus ON L0M 1B0,Angus,Restaurant
C.W. Coop's,808 Innisfil Beach Road Alcona ON L9S 2C3,Alcona,Restaurant
Cafe Beans,B-21 Essa Rd Barrie ON L4N 3K4,Barrie,Restaurant
Cafe Coco,7306 Highway 26 Stayner ON L0M 1S0,Stayner,Restaurant
Cafe Kittyhawk,4 Robert St W Penetanguishene ON,Penetanguishene,Restaurant
Cafe Seoulista,2A-575 West St S Orillia ON L3V 7N6,Orillia,Restaurant
California Sandwiches Barrie,108A-75 Barrie View Drive Barrie ON L4N 8V4,Barrie,Restaurant
Campbell's British Foods & Tea Room,18-274 Burton Ave Barrie ON L4N 5W4,Barrie,Restaurant
Canadian Maple Pub,3282 Ogden's Beach Rd Midland ON L4R 4K3,Midland,Restaurant
Canadiana Country Club & Golf Course,6469 9th Line New Tecumseth ON L0G 1A0,New Tecumseth,Restaurant
Canton Restaurant,4-1179 Bayfield St N Midhurst ON L0L 1X1,Midhurst,Restaurant
Captain George's Fish & Chips,6-237 Mapleview Dr E Barrie ON L4N 0W5,Barrie,Restaurant
Captain Ken's,70 Main Street Penetanguishene ON L9M 1T4,Penetanguishene,Restaurant
Captain Robert's Table,93 Jury Drive Penetanguishene ON L9M 1G1,Penetanguishene,Restaurant
Captains Grill Diner,1287 Madison St Severn ON L3V 0V1,Severn,Restaurant
Carey's Pub,469 Bethune Dr N Gravenhurst ON P1P 1B8,Gravenhurst,Restaurant
Carnegie Cafe,526 Hugel Ave Midland ON L4R 1V7,Midland,Restaurant
Casa Cappuccino,91 Dunlop St E Barrie ON L4M 1A6,Barrie,Restaurant
Casa Mia Restaurant,88 Dunlop St W Barrie ON L4N 1A6,Barrie,Restaurant
Casano's Italian Foods,49 Anne St S Barrie ON L4N 4Y8,Barrie,Restaurant
Cast Iron Restaurant,2635 Muskoka Rd 117 Baysville ON P0B 1A0,Baysville,Restaurant
Castle Blue,3047 Highway 169 Bala ON P0C 1A0,Bala,Restaurant
Catch 22 Fresh Market Grill,962 Mosley St Wasaga Beach ON L9Z 2G8,Wasaga Beach,Restaurant
Cedar Grove Lodge,167 Grassmere Resort Rd Huntsville ON P1H 2K5,Huntsville,Restaurant
Cedar Kitchen,5 Queen St S Tottenham ON L0G 1W0,Tottenham,Restaurant
Cellarman's Ale House,337 King Street Midland ON L4R 3M7,Midland,Restaurant
Chafresh,2-3-130 Bell Farm Road Barrie ON L4M 6J4,Adjala-Tosorontio,Restaurant
Champ Burger,4-70 Victoria St E Alliston ON L9R 1R2,Alliston,Restaurant
Chaopaya Thai Restaurant,168 Dunlop St E Barrie ON L4M 1B3,Barrie,Restaurant
Charlie's Diner,7423 Highway 26 Stayner L0M 1S0,Stayner,Restaurant
Cheesy Pickup The,42 Mississaga St W Orillia ON L3V 3A8,Orillia,Restaurant
Chef Henrie's Cafe and Bistro,339 High St MacTier ON P0C 1H0,MacTier,Restaurant
Cherville Japanese Restaurant,3-60 Main Street West Beeton ON L0G 1A0,Beeton,Restaurant
Chez Michel,150 Mill St. Creemore ON L0M 1G0,Creemore,Restaurant
Chilli Pistols 77,77 Victoria St E Alliston ON L9R 1L5,Alliston,Restaurant
Chillz Dessert Lounge,89 Dunlop St E Barrie ON L4M 1A7,Barrie,Restaurant
China Garden,382 Holland Street W Bradford ON L3Z 2B6,Bradford,Restaurant
China Garden Chinese Cuisine,A-33 Young St Alliston ON L9R 1B5,Alliston,Restaurant
China House Restaurant,B-96 Main St E Huntsville ON P1H 1H1,Huntsville,Restaurant
China House Restaurant,390 Muskoka Road N Gravenhurst ON P1P 1G3,Gravenhurst,Restaurant
China Inn Restaurant,13A-8056 Yonge St Stroud ON L9S 1L6,Stroud,Restaurant
China Wok,4-86 Young Street Alliston ON L9R 1P8,Alliston,Restaurant
"Chipper at Sunset, The",35 St Lawrence Street Collingwood ON L9Y 0W7,Collingwood,Restaurant
"Chopped Leaf, The",547 Cundles Rd E Barrie ON L4M 0G9,Barrie,Restaurant
"Chopsticks, The",4-7380 Highway 26 Stayner ON L0M 1S0,Stayner,Restaurant
Chuck's Roadhouse,5-707 River Road W Wasaga Beach ON L9Z 1N7,Wasaga Beach,Restaurant
Chuck's Roadhouse,68 King William St Huntsville ON P1H 1G3,Huntsville,Restaurant
Chuck's Roadhouse Bar and Grill,125 Highway 118 W Bracebridge ON P1L 1T2,Bracebridge,Restaurant
Chuck's Roadhouse Bar and Grill,11-450 Holland St W Bradford ON L3Z 0G1,Bradford,Restaurant
Chuck's Roadhouse Bar and Grill,2-173 Mill Street Angus ON L0M 1B2,Angus,Restaurant
Cicco's Ristorante,1-170 Prince William Way Barrie ON L9J 0G7,Barrie,Restaurant
Cicco's Ristorante,1630 George Johnston Rd Minesing ON L0L 1Y0,Minesing,Restaurant
Clear Lake Brewing Comapny,4651 Southwood Rd Torrance ON P0C 1M0,Torrance,Restaurant
Clevelands House,1040 Juddhaven Rd Minett ON P0B 1G0,Minett,Restaurant
Cocina Mexicana,D-144 Burton Ave Barrie ON L4N 2R8,Barrie,Restaurant
Coffee Culture Café & Eatery,1-36 Young St Alliston ON L9R 1P8,Alliston,Restaurant
Coffee Culture Café & Eatery,501-494 Big Bay Point Rd Barrie ON L4N 3Z4,Barrie,Restaurant
Coffee Culture Café & Eatery,7268 Highway 26 Stayner ON L0M 1S0,Stayner,Restaurant
Coffee Time,8483 Highway 11 N Orillia ON L3V 6H3,Orillia,Restaurant
Coffee Time Eggsmart,1040 Innisfil Beach Rd Alcona ON L9S 2M5,Alcona,Restaurant
Colborne Chinese Buffet,72 Colborne Street W Orillia ON L3V 2Y7,Orillia,Restaurant
Coldwater Grill House,12738 County rd 16 Fesserton ON L0K 2C0,Fesserton,Restaurant
Coldwater Ice Cream,32 Coldwater Rd Coldwater ON L0K 1E0,Coldwater,Restaurant
Collette's Kitchen,104-121 Wellington Street W Barrie ON L4N 1L2,Barrie,Restaurant
Com Pho Asia 2,11-221 Cundles Rd E Barrie ON L4M 6L5,Barrie,Restaurant
Com Pho Asia 3,D2-31 Commerce Park Dr Barrie ON L4N 8X1,Barrie,Restaurant
Comfort Inn,86 King William St. Huntsville ON P1H 1E4,Huntsville,Restaurant
Common Good Cafe & Social House,500-85 Bayfield St Barrie ON L4M 3A7,Barrie,Restaurant
Continental Specialties,126 Dunlop Street W Barrie ON L4N 1B1,Barrie,Restaurant
"Cookhouse Restaurant, The",2881 Highway 60 Dwight ON P0A 1H0,Dwight,Restaurant
Cook's Bay Fish & Chips,3-136 Holland Street E Bradford ON L3Z 2P7,Bradford,Restaurant
"Cookstown Pub Co., The",52 Queen St W Cookstown ON L0L 1L0,Cookstown,Restaurant
"Coop Public House & Foodiary, The",1-2-265 King Street N Alliston ON L9R 1N3,Alliston,Restaurant
Coop's Smokin' Wing House,81 Queen Street S Tottenham ON L0G 1W0,Tottenham,Restaurant
Cora,A-135 Mapleview Dr W Barrie ON L4N 9H7,Barrie,Restaurant
"Corner Store, The",1001 Juddhaven Rd Minett ON P0B 1G0,Minett,Restaurant
Cosmos Ristorante,90 Mississaga Street E Orillia ON L3V 1V7,Orillia,Restaurant
Costa Verde,494 Holland Street West Bradford ON L3Z 0A2,Adjala-Tosorontio,Restaurant
Cottage Bistro,81 Joseph St Port Carling ON P0B 1J0,Port Carling,Restaurant
Cottage Canoe,1-3-453 Dunlop St W Barrie ON L4N 1C3,Barrie,Restaurant
Cottage Cravings,3181 Muskoka Rd 169 Bala ON P0C 1A0,Bala,Restaurant
Cotto 88,4240 County Rd 88 Bond Head ON L0G 1B0,Bond Head,Restaurant
Couchiching Craft Brewery Co.,162 Mississaga Street East Orillia ON L3V1V9,Orillia,Restaurant
Couchiching Golf Club,370 Peter St N Orillia ON L3V 6R9,Orillia,Restaurant
"Country Diner, The",1-2 10 Yonge St Elmvale ON L0L 1P0,Elmvale,Restaurant
Country Kitchen Restaurant,1A-131 Saunders Road Barrie ON L4N 9A7,Barrie,Restaurant
Country Style,131 Tiffin St Barrie ON L4M 2N2,Barrie,Restaurant
Country Style,140 Atherley Road Orillia ON L3V 7K8,Orillia,Restaurant
Country Style,38 Coldwater Rd Coldwater ON L0K 1E0,Coldwater,Restaurant
"Cove Café, The",902 Lockhart Road Innisfil ON L9S 4V2,Innisfil,Restaurant
"Crazy Fox Bistro, The",135 Bayfield St Barrie ON L4M 3B3,Barrie,Restaurant
Creemore Bakery Inc.,148 Mill St Creemore ON L0M 1G0,Creemore,Restaurant
Creemore Pizza Co.,B-5 Francis St. E Creemore ON,Creemore,Restaurant
Crossover's Entertainment Lounge,428 Dunlop St W Barrie ON L4N 1C2,Barrie,Restaurant
Crossroads Fish & Chips,2-3-6048 Highway 9 New Tecumseth ON L0G 1T0,New Tecumseth,Restaurant
Crystal Buffet,1-2 Mountain Rd Collingwood ON L9Y 4S8,Collingwood,Restaurant
Curly Willow,141 Pine St Collingwood ON L9Y 2P1,Collingwood,Restaurant
Da Grazia,20 Victoria St E Alliston ON L9R 1T4,Alliston,Restaurant
Da Vinci's Gate,224 Line 7 North Oro-Medonte ON L0L 2E0,Oro,Restaurant
Dairy Queen,5-7377 Highway 26 Stayner ON L0M 1S0,Stayner,Restaurant
Dairy Queen,67 Memorial Ave Orillia ON L3V 5W9,Orillia,Restaurant
Dairy Queen,103 Bradford St Barrie ON L4N 3A9,Barrie,Restaurant
Dairy Queen,288 Main St W Wasaga Beach ON L9Z 2N6,Wasaga Beach,Restaurant
Dairy Queen,2 King St S Alliston ON L9R 1V5,Alliston,Restaurant
Dairy Queen,776 Yonge St Midland ON L4R 2E6,Midland,Restaurant
Dairy Queen,316 Hurontario St Collingwood ON L9Y 2M3,Collingwood,Restaurant
Dairy Queen,160 Mill Street Angus ON L0M 1B2,Angus,Restaurant
Dairy Queen,1-130 Howland Drive Huntsville ON P1H 2P9,Huntsville,Restaurant
Dairy Queen,371 Yonge St Barrie ON L4N 4C8,Barrie,Restaurant
Danny's Fish & Chips,7-411 Huronia Rd Barrie ON L4N 9B3,Barrie,Restaurant
"Dardanella Beach Bar, The",13 First St Wasaga Beach ON L9Z 2K2,Wasaga Beach,Restaurant
Davidson's Country Dining,73 Big Bay Point Rd Innisfil ON L9S 2N1,Innisfil,Restaurant
Daybreak,1-547 Holland St W Bradford ON L3Z 0C1,Bradford,Restaurant
Debb's Place,352 Huronia Rd Barrie ON L4M 4S7,Barrie,Restaurant
Deerhurst Resort - Eclipse,1235 Deerhurst Dr Huntsville ON P1H 2E8,Huntsville,Restaurant
Deerhurst Resort - Maple Pub & Patio,1235 Deerhurst Dr Huntsville ON P1H 2E8,Huntsville,Restaurant
Deerhurst Resort - The Antler Steakhouse,1235 Deerhurst Drive Huntsville ON P1H 2E8,Huntsville,Restaurant
Delta Bingo,52 Bayfield Street N Barrie ON L4M 3A5,Barrie,Restaurant
"Den, The",825 Memorial Ave Orillia ON L3V 6S2,Orillia,Restaurant
Desi Licious,12B-130 Bell Farm Rd Barrie ON L4M 6J4,Barrie,Restaurant
Details Cafe,46 Victoria St W Alliston ON L9R 1S6,Alliston,Restaurant
Dewennes,7535 County Rd 9 Creemore ON L0M 1G0,Clearview,Restaurant
Dewey Institute Residence,119 Wellington Street Bracebridge ON P1L 1E2,Bracebridge,Restaurant
Diamond Sushi,29 Anne St S Barrie ON L4N 2C5,Barrie,Restaurant
Diamond Sushi,A-516 Bryne Drive Barrie ON L4N 9P6,Barrie,Restaurant
Dillon's Wood-Fired Pizza,244 King St Midland ON L4R 3M3,Midland,Restaurant
"Diner, The",52 Jones St Angus ON L0M 1B0,Angus,Restaurant
Dino's Fresh Food Deli,319 King St Midland ON L4R 3M5,Midland,Restaurant
Dock of The Bay,1110 Bay St Gravenhurst ON P1P 1Z9,Gravenhurst,Restaurant
Dockside Grill,1111 Killarney Beach Road Lefroy ON L0L 1W0,Innisfil,Restaurant
Domino's Pizza,1C-50 King St S Alliston ON L9R 1H6,Alliston,Restaurant
Domino's Pizza,2-138 Mill St Angus ON L0M 1B2,Barrie,Restaurant
Domino's Pizza,1354 Innisfil Beach Road Innisfil ON L9S 4B7,Alcona,Restaurant
Domino's Pizza,101-201 Cundles Rd E Barrie ON L4M 4S5,Barrie,Restaurant
Don Cherry's Sports Grill,100 Dissette Street Bradford ON L3Z 3G8,Bradford,Restaurant
Don Cherry's Sports Grill,5-353 Anne Street N Barrie ON L4N 7Z9,Adjala-Tosorontio,Restaurant
Donaleigh's Irish Public House,28 Dunlop St E Barrie ON L4M 1A3,Barrie,Restaurant
Dornoch Tap and Grill,4203 County Road 124 Nottawa ON L0M 1P0,Nottawa,Restaurant
Dosti Eats,C1-535 Bryne Dr Barrie ON L4N 9P6,Barrie,Restaurant
Double Happiness Chinese Restaurant,233 King Street Midland ON L4R 3M1,Midland,Restaurant
"Dragon Restaurant, The",70 Essa Rd Barrie ON L4N 3K7,Barrie,Restaurant
Drunken Oyster Bar,18 Huron Street Collingwood ON L9Y 1C4,Collingwood,Restaurant
Druxy's,201 Georgian Dr Barrie ON L4M 6M2,Barrie,Restaurant
Duckworth's Fish & Chips,750 Atherley Road Orillia ON L3V 1P6,Orillia,Restaurant
Duffer's Golf Centre,4904 County Rd 90 Barrie ON L4M 4S4,Barrie,Restaurant
Duffer's Tap & Grill,476 South Mary Lake Rd Port Sydney ON P0B 1L0,Port Sydney,Restaurant
Duncan's Cafe,60 Hurontario St Collingwood ON L9Y 2L7,Collingwood,Restaurant
Dunlop Billiards Sports Bar and Eatery,A-445 Dunlop St W Barrie ON L4N 1C3,Barrie,Restaurant
Dunlop Street Diner,20 Dunlop St E Barrie ON L4M 1A3,Barrie,Restaurant
Duntroon Highlands Golf Club,1226 Concession Road 10 S Duntroon ON L0M 1H0,Duntroon,Restaurant
East Side Mario's,138 Young St Alliston ON L9R 1P8,Alliston,Restaurant
East Side Mario's,10-111 Howland Dr Huntsville ON P1H 2P4,Huntsville,Restaurant
East Side Mario's,315 Memorial Avenue Orillia ON L3V 5Y1,Orillia,Restaurant
East Side Mario's,502 Bayfield St Barrie ON L4M 5A2,Barrie,Restaurant
East Side Mario's,451 Bryne Dr Barrie ON L4N 6C8,Barrie,Restaurant
Eclectic Cafe,39 Mississaga Street West - Unit B Orillia ON L3V3A5,Orillia,Restaurant
Econo Lodge,117 Main St W Huntsville ON P1H 1W8,Huntsville,Restaurant
Eddies 241 Pizza,208 Victoria St E Alliston ON L9R 1B6,Alliston,Restaurant
Eggcellent,17 Holland Street West Bradford ON L3Z 2B8,Bradford,Restaurant
Eggsmart,9-155 First St Collingwood ON L9Y 1A5,Collingwood,Restaurant
El Pueblito,155 Manitoba Street Bracebridge ON P1L 2B7,Bracebridge,Restaurant
EL Toro Smokehouse,2921-2921 Hwy 11 N Oro-Medonte ON L0L 2X0,Oro,Restaurant
Electric Juicery And Cafe,19 Queen Street S Tottenham ON L0G 1W0,Tottenham,Restaurant
Elmvale Sales Barn and Flea Market,1568 Highway 92 Elmvale ON L0L 1P0,Elmvale,Restaurant
Em's Cafe,16 Coldwater Rd Coldwater ON L0K 1E0,Coldwater,Restaurant
Era 67 Restaurant & Lounge,4-64 Mississaga Street W Orillia ON L3V 3A8,Orillia,Restaurant
Erika's Wild Flour Bake Shoppe,2832 Highway 60 Dwight ON P0A 1H0,Dwight,Restaurant
Espresso Post,139 Hurontario St Collingwood ON L9Y 2L9,Collingwood,Restaurant
Espresso Post Petit,2-65 Simcoe Street Collingwood ON L9Y 1H7,Collingwood,Restaurant
"Everett Grille, The",1-8069 Main St E Everett ON L0M 1J0,Everett,Restaurant
Exit 156 Port Severn Restaurant,78 Lone Pine Rd Port Severn ON L0K 1S0,Port Severn,Restaurant
"Explorers Cafe, The",345 King St Midland ON L4R 3M7,Midland,Restaurant
Extreme Pita,108A-75 Barrie View Dr Barrie ON L4N 8V4,Barrie,Restaurant
Extreme Pita,4-642 Yonge Street Barrie ON L4N 4E6,Barrie,Restaurant
Extreme Pita,547 Holland St W Bradford ON L3Z 0C1,Bradford,Restaurant
Fairfield by Marriott,8 Mulcahy Court Orillia ON L3V 8B3,Orillia,Restaurant
Family Place Restaurant & Pizza,1 King William Street Huntsville ON P1H 1G7,Huntsville,Restaurant
Famous Wok,16-1029 Brodie Dr Severn ON L3V 0V2,Severn,Restaurant
Fancy's Fish and Chips,5 Bell Farm Rd Barrie ON L4M 5G1,Barrie,Restaurant
Farmer's Daughter,118 Highway 60 Huntsville ON P1H 1C2,Huntsville,Restaurant
"Farmhouse, The",268 Bradford Street Barrie ON L4N 6T3,Barrie,Restaurant
Fat Bastard Burrito,2-506 Bayfield St N Barrie ON L4M 5A2,Barrie,Restaurant
Fat Bastard Burrito,4-205 Memorial Ave Orillia ON L3V 5X8,Orillia,Restaurant
Feeb's Pub & Grill,2 Mill Street E Tottenham ON L0G 1W0,Tottenham,Restaurant
Fern Resort,4432 Fern Resort Road Orillia ON L3V 6H5,Orillia,Restaurant
Fern Resort - BBQ,4432 Fern Resort Road Orillia ON L3V 6H5,Orillia,Restaurant
Fern Resort - Mary Lou's,4432 Fern Resort Road Orillia ON L3V 6H5,Orillia,Restaurant
Fig and Feta,A-65 Hurontario Street Collingwood ON L9Y 2L7,Collingwood,Restaurant
Fil's Cafe,17-353 Duckworth St Barrie ON L4M 5C2,Barrie,Restaurant
Fine Thymes Bistro & Bakery,B-13 Taylor Road Bracebridge ON P1L 1S6,Bracebridge,Restaurant
Fionn MacCool’s,547 Cundles Rd E Barrie ON L4M 0G9,Barrie,Restaurant
Fionn MacCool’s,2 Front St N Orillia ON L3V 4R5,Orillia,Restaurant
Firehouse Subs,502 Holland Street West Bradford ON L3Z 0R7,Bradford,Restaurant
Firehouse Subs,H3-454 Bayfield St Barrie ON L4M 5A2,Barrie,Restaurant
"First Class Café, The",1 Georgian Dr Barrie ON L4M 3X9,Barrie,Restaurant
Fish & Sips,206 Hurontario St Collingwood ON L9Y 2M2,Collingwood,Restaurant
Fishbone Kitchen & Wine Bar,261 Sunseeker Avenue Innisfil ON L9S 0J7,Innisfil,Restaurant
Flapjacks,10-490 Mapleview Dr W Barrie ON L4N 9Z5,Barrie,Restaurant
Flashback Diner,309 Bayfield Street Barrie ON L4M 3C2,Barrie,Restaurant
Flippin Eggs,598 Atherley Rd Orillia ON L3V 6P5,Orillia,Restaurant
Flying Monkeys Craft Brewery,107 Dunlop Street E Barrie ON L4M 1A6,Barrie,Restaurant
Flynn's at Delawana,42 Delawana Road Honey Harbour ON P0E 1E0,Honey Harbour,Restaurant
Flynn's Irish Pub,96 Main Street Penetanguishene ON L9M 1T5,Penetanguishene,Restaurant
"Fork & Plate Family Grill, The",2383-25 Sideroad Alcona ON L9S 2G3,Alcona,Restaurant
Fornetto,7304 Highway 26 Stayner ON L0M 1S0,Stayner,Restaurant
Four Seasons Chinese Restaurant,1-2-50 Main Street E Beeton ON L0G 1A0,Beeton,Restaurant
Fox Lounge Rock Bar and Hot Dogery,16 Dunlop St E Barrie ON L4M 1A3,Barrie,Restaurant
Freaky Wizard,13A-130 Bell Farm Road Barrie ON L4M 6J4,Barrie,Restaurant
French's Stand,145 Tecumseth St Orillia ON L3V 1Y5,Orillia,Restaurant
Fresco Cafe and Catering,105-190 Cundles Rd E Barrie ON L4N 4S5,Barrie,Restaurant
Fresh A-Fare,530 Welham Rd Barrie ON L4N 8Z7,Barrie,Restaurant
Fresh A-Fare,531 Bayfield St Barrie ON L4M 4Z9,Barrie,Restaurant
Fresh Kutz Market & Grill,4-195 Wellington St Bracebridge ON P1L 1C2,Bracebridge,Restaurant
Freshii,8-90 Park Pl Boulevard Barrie ON L4N 6P8,Barrie,Restaurant
Freshii,B-3270 Monarch Dr Orillia ON L3V 8A2,Orillia,Restaurant
Freshii,5-295 Wellington St Bracebridge ON P1L 1B8,Bracebridge,Restaurant
Freshii,H2 - 494 Holland Street West Bradford ON L3Z 0A2,Bradford,Restaurant
Freshii,3-285 Mill Street Angus ON L0M 1B4,Angus,Restaurant
Freshii,1 First Street Collingwood Ontario L9Y 1A1,Collingwood,Restaurant
Freshii,347-Cundles Rd E Barrie ON L4M 0G9,Barrie,Restaurant
Friday Harbour Beach Club,3740 Sunreef Ave Innisfil ON L9S 2L3,Innisfil,Restaurant
"Friendly Corner Store and Restaurant, The",120 Green Point Road Tiny ON L9M 2H7,Tiny,Restaurant
Friend's Diner,400 Laclie St Orillia ON L3V 4P5,Orillia,Restaurant
Friends Pub Grill,7287 Highway 26 E Stayner ON L0M 1S0,Stayner,Restaurant
Frosty Pint Pub,110 Ferguson Road Gravenhurst ON P1P 1P7,Gravenhurst,Restaurant
FryDay,8873 Highway 11 N Orillia ON L3V 6H3,Orillia,Restaurant
"Galley at Driftwood Cove, The",93 Port Severn Road N Port Severn ON L0K 1S0,Port Severn,Restaurant
Gateway Casinos Innisfil,7485 5th Sideroad Innisfil ON L9S 3S1,Innisfil,Restaurant
Georges Country Style Restaurant,119 Colborne St W Orillia ON L3V 2Y8,Orillia,Restaurant
Georgian Bay Family Restaurant,401 Hume Street Collingwood ON L9Y 2L7,Collingwood,Restaurant
Georgian Bowl,832 Hurontario St Collingwood ON L9Y 3Z1,Collingwood,Restaurant
Georgian Circle Family Restaurant,1-1441 Mosley St Wasaga Beach ON L9Z 2B9,Wasaga Beach,Restaurant
Georgian College Food Lab Room E 109,109-1 Georgian College Drive Barrie ON L4M 3X9,Barrie,Restaurant
Georgian Grill,7 Tiny Beaches Road N Tiny ON L0L 2J0,Tiny,Restaurant
Get Roasted Cafe,827 Big Bay Point Road Barrie ON L4N 0G5,Barrie,Restaurant
Gibby G's,489 Yonge Street Barrie ON L4N 4E1,Barrie,Restaurant
Gibson & Co.,3-93 Hurontario St Collingwood ON L9Y 2L9,Collingwood,Restaurant
Gidley's Galley,18-2 Poyntz Street Penetanguishene ON L9M 1M2,Penetanguishene,Restaurant
Giffen's Country Market,55 Station St Glen Huron ON L0M 1L0,Glen Huron,Restaurant
Gino's Pizza,412 Holland Street W Bradford ON L3Z 2A4,Bradford,Restaurant
Globe Deli & Restaurant,478 Elizabeth St Midland ON L4R 1Z8,Midland,Restaurant
Gluten Free Me,3-191 Hurontario St Collingwood ON L9Y 2M1,Collingwood,Restaurant
Go 4 Sushi,3-2 Massey Street Angus ON L0M 1B0,Angus,Restaurant
Golden Griddle Family Restaurant,45-400 Bayfield St Barrie ON L4M 5A1,Barrie,Restaurant
Golden Mango Thai Cuisine,3-444 Holland Street W Bradford ON L3Z 0G1,Bradford,Restaurant
Golden Taste of Asia,316 Holland St W Bradford ON L3Z 1J3,Bradford,Restaurant
Golden Wok Buffet,16 Front St N Orillia ON L3V 4R5,Orillia,Restaurant
Grandview Golf Club -,245 Grandview Dr N Huntsville ON P1H 1B2,Huntsville,Restaurant
"Grape and Olive Wine & Martini Bistro, The",400 Memorial Ave Orillia ON L3V 6J3,Orillia,Restaurant
"Great Canadian Bagel, The",B12-411 Bayfield St Barrie ON L4M 6E5,Barrie,Restaurant
Green Mango Tree Thai Fusion,6-115 First St Collingwood ON L9Y 1A5,Collingwood,Restaurant
Green Mango Tree Thai Fusion,3-75 Barrie View Drive Barrie ON L4N 8V4,Barrie,Restaurant
GreeneStone Muskoka,3571 Highway 169 Bala ON P0C 1A0,Bala,Restaurant
Griffin Gastropub,9 Chancery Lane Bracebridge ON P1L 2E3,Bracebridge,Restaurant
"Grill at Kirrie Glen, The",1838 Highway 118 W Milford Bay ON P0B 1E0,Milford Bay,Restaurant
"Grill, The",3279 Port Severn Rd N Port Severn ON L0K 1S0,Port Severn,Restaurant
Grilled Cheese Social Eatery,53 Dunlop St E Barrie ON L4M 1A2,Barrie,Restaurant
Grillicious Gourmet Food Tap & Grill,Lower-147 Dunlop St E Barrie ON L4M 1A6,Barrie,Restaurant
Groovy Tuesday's Bistro,73 Collier St Barrie ON L4M 1G7,Barrie,Restaurant
Grounded Coffee Co.,538 Bay St Midland ON L4R 1L3,Midland,Restaurant
Guac Mexi Grill,3-1890 Mosley Street Wasaga Beach ON L9Z 1Z4,Wasaga Beach,Restaurant
Guac Mexi Grill,2-86 Young St Alliston ON L9R 1V2,Alliston,Restaurant
Guac Mexi Grill,1472 Innisfil Beach Road Innisfil ON L9S 4J1,Alcona,Restaurant
Guac Mexi Grill,515-975 West Ridge Blvd Orillia ON L3V7W7,Orillia,Restaurant
Gung Ho Chinese Canadian Restaurant,3-4-438 West St N Orillia ON L3V 5E8,Orillia,Restaurant
Gustav's Chophouse and Bar/Georgian Bay Hotel,10 Vacation Inn Dr Collingwood ON L9Y 5G4,Collingwood,Restaurant
Hacienda Santa Teresa,22 Holland Street West Bradford L3Z 2A7,Bradford,Restaurant
Halibut House,P02-36 Young St Alliston ON L9R 1P8,Alliston,Restaurant
Halibut House Fish & Chips,200-627 Cundles Rd East Barrie ON L4M 0G9,Barrie,Restaurant
Halibut House Fish & Chips,494 Holland Street West Bradford ON L3Z 0A2,Bradford,Restaurant
Hangar 26,5195 Highway 26 Clearview ON L0M 1S0,Clearview,Restaurant
Harbour House,2755 Honey Harbour Road Honey Harbour ON P0E 1E0,Honey Harbour,Restaurant
Harbour House Grill,727 Harbour St Lefroy ON L0L 1W0,Lefroy,Restaurant
Harbour Street Fish Bar,403-404 10 Keith Ave Collingwood ON L9Y 0W5,Collingwood,Restaurant
Harvey's,A-109 Young Street W Alliston ON L9R 0E9,Alliston,Restaurant
Harvey's,401 Bayfield St Barrie ON L4M 3C5,Barrie,Restaurant
Harvey's,481 Holland Street W Bradford ON L3Z 0C1,Bradford,Restaurant
Harvey's,1-75 Barrie View Dr Barrie ON L4N 8V4,Barrie,Restaurant
Harvey's,3311 County Road 89 Cookstown ON L0L 1L0,Cookstown,Restaurant
Harvey's,150 Highway 118 W Bracebridge ON P1L 1T4,Bracebridge,Restaurant
Harvey's,370 Memorial Ave Orillia ON L3V 6H1,Orillia,Restaurant
Harvey's,349 Main St Wasaga Beach ON L9Z 0B6,Wasaga Beach,Restaurant
Harvey's,440 First St Collingwood ON L9Y 1B6,Collingwood,Restaurant
Harvey's Swiss Chalet,285 Mill St Angus ON L0M 1B4,Angus,Restaurant
Harvey's Swiss Chalet,1466 Innisfil Beach Road Innisfil ON L9S 4J1,Innisfil,Restaurant
Harvey's Swiss Chalet,1215 Muskoka Rd S Gravenhurst ON P1P 1K9,Gravenhurst,Restaurant
Harvey's Swiss Chalet,150 Hanes Rd Huntsville ON P1H 1M4,Huntsville,Restaurant
Harvey's Swiss Chalet,9340 County Rd 93 Midland ON L4R 4K4,Midland,Restaurant
Hasty Tasty Diner,380 Laclie St Orillia ON L3V 4P3,Orillia,Restaurant
Hawk Ridge Golf & Country Club,1151 Hurlwood Lane Orillia ON L3V 6K8,Orillia,Restaurant
Hay Caramba Restaurant,54-D-54 Holland Street W Bradford ON L3Z 2A7,Bradford,Restaurant
Heart of Muskoka Fries,92 Muskoka Rd 10 Port Sydney ON P0B 1M0,Port Sydney,Restaurant
Heavenly Cafe,301-10 Keith Ave Collingwood ON L9Y 0W5,Collingwood,Restaurant
"Heights Ski & Country Club, The",1106 Horseshoe Valley Rd W Oro-Medonte ON L4M 4Y8,Oro-Medonte,Restaurant
Heinz Burger Co.,2-120 Anne St S Barrie ON L4N 6A2,Barrie,Restaurant
Henrietta's Pine Bakery,3 King William Street Huntsville ON P1H 2J2,Huntsville,Restaurant
Heritage Hills Golf Club,367 Line 1 S Shanty Bay ON L0L 2L0,Shanty Bay,Restaurant
Hermie's Diner,5-575 West Street South Orillia ON L3V7N6,Orillia,Restaurant
Hero Certified Burgers,444 Holland Street W Bradford ON L3Z 0G1,Bradford,Restaurant
Hidden Valley Highlands Ski Area,1655 Hidden Valley Rd Huntsville ON P1H 1A4,Huntsville,Restaurant
Hidden Valley Resort,1755 Valley Rd Huntsville ON P1H 1Z8,Huntsville,Restaurant
Higher Grounds,A-69A Dunlop St W Barrie ON L4N 1A5,Barrie,Restaurant
Hills Maple Leaf Restaurant,181 Memorial Ave Orillia ON L3V 5X7,Orillia,Restaurant
Hockley General Store and Restaurant,994227 Mono Adjala Townline Adjala-Tosorontio ON L0G 1L0,Adjala-Tosorontio,Restaurant
Hog N' Penny,9 Matchedash Street N Orillia ON L3V 4T4,Orillia,Restaurant
Holly's Sweets & Eats,L-12 Commerce Park Dr Barrie ON L4N 8W8,Barrie,Restaurant
Homestead Artisan Bakery,80 Dunlop St E Barrie ON L4M 1A4,Barrie,Restaurant
Homestyle Cafe,5-500 Muskoka Rd 118 W Bracebridge ON P1L 1T4,Bracebridge,Restaurant
Hook and Ladder Family Dining,3119 Muskoka Rd 169 Bala ON P0C 1A0,Bala,Restaurant
Hooligans,66 Dunlop St E Barrie ON L4M 1A4,Barrie,Restaurant
Hooligans,66 Dunlop St E Barrie ON L4M 1A4,Barrie,Restaurant
Hooper's,3383 Muskoka St Washago ON L0K 2B0,Washago,Restaurant
Hooters,5 Mulcaster St Barrie ON L4M 3L9,Barrie,Restaurant
Hot Stacks,27 King Street N Cookstown ON L0L 1L0,Cookstown,Restaurant
Hot Wok Chinese Restaurant,477 Grove Street E Barrie ON L4M 6M3,Barrie,Restaurant
"Hound Lounge Bar and Grill, The",4 North Road Baysville ON P0B 1A0,Baysville,Restaurant
HQ Restaurant & Tap House,3239 Penetanguishene Road Craighurst ON L4M 4Y8,Craighurst,Restaurant
"Hungry Sumo, The",188 First St Collingwood ON L9Y 1A7,Collingwood,Restaurant
Huntsville Bowl,A-2A Cann St Huntsville ON P1H 1H3,Huntsville,Restaurant
Huntsville Downs Golf & Country Club,182 Golf Course Rd Huntsville ON P1H 1N7,Huntsville,Restaurant
Husky,1-3479 County Road 88 Bradford ON L3Z 2B2,Bradford,Restaurant
Il Buco Ristorante,101-31 Dunlop St E Barrie ON L4M 1A2,Barrie,Restaurant
Ilha Azul Bar & Grill,6 Holland Street West Bradford ON L3Z 2A7,Bradford,Restaurant
In Play,L-M-551 Bryne Dr Barrie ON L4N 9P6,Barrie,Restaurant
In The Penalty Box,1A-220 Bayview Dr Barrie ON L4N 4Y8,Barrie,Restaurant
Indian Curry and Grill House,311 Blake St Barrie ON L4M 1K7,Barrie,Restaurant
Indian Flames Authentic Indian Cuisine & Bar,33 Paris St Alliston ON L9R 1J3,Alliston,Restaurant
Inn at the Falls,8 Maffafy Court Bracebridge P1L 2A6,Bracebridge,Restaurant
Innisbrook Golf Course,211 Lockhart Rd Barrie ON L9J 0B4,Barrie,Restaurant
Innisfil Creek Golf Course,239 Reive Boulevard Cookstown ON L0L 1L0,Cookstown,Restaurant
Irie Jerk,3-222 Mapleview Dr W Barrie ON L4N 9E7,Barrie,Restaurant
Iron Horse Bar & Grill,1 Church St Cookstown ON L0L 1L0,Cookstown,Restaurant
Iron Skillet 2.0,1-49 Huron Street Collingwood ON L9Y 1C5,Collingwood,Restaurant
Iron Skillet -The Beach,1531 Mosley St Wasaga Beach L9Z 2B7,Wasaga Beach,Restaurant
"Italian Bakery, The",200 Wellington Street W Barrie ON L4N 1K9,Barrie,Restaurant
"Italian Eatery,The",6-90 Park Pl Boulevard Barrie ON L4N 6P8,Barrie,Restaurant
Jack Astor's Bar and Grill,70 Mapleview Dr W Barrie ON L4N 9H5,Barrie,Restaurant
Jacks Pancake Factory Incorporated,7-8-222 Mapleview Dr W Barrie ON L4N 9E7,Barrie,Restaurant
Jey's Burritos,4-453 Dunlop Street W Barrie ON L4N 1C3,Barrie,Restaurant
Jimmy's Family Restaurant,1014 Highway 9 Palgrave ON L0N 1P0,Palgrave,Restaurant
JJ's Caribbean Cuisine,5-110 Little Ave Barrie ON L4N 4K8,Barrie,Restaurant
Johnny & Roger's Pizza,1-312 Victoria St E Alliston ON L9R 1K4,Alliston,Restaurant
JoJo's Crepe Cafe,23 Holland St W Bradford ON L3Z 2B4,Bradford,Restaurant
Jongs Restaurant,7273 Highway 26 Stayner ON L0M 1S0,Stayner,Restaurant
Journeys Blend Cafe,30 Mountain Rd Collingwood ON L9Y 5H7,Collingwood,Restaurant
JW Marriott The Rosseau Muskoka Resort & Spa - Cottages,1050 Paignton House Rd Minett ON P0B 1G0,Minett,Restaurant
JW Marriott The Rosseau Muskoka Resort & Spa - Lower Cabana/ Deck,1050 Paignton House Road Minett ON P0B 1G0,Minett,Restaurant
"JW Marriott The Rosseau Muskoka Resort & Spa - Teca ""Simply Italian""",1050 Paignton House Rd Minett ON P0B 1G0,Minett,Restaurant
Kabab and Karahi,1-488 Holland Street West Bradford ON L3Z 2B7,Bradford,Restaurant
Katmanis Thai Restaurant,4-1288 Mosley Street Wasaga Beach ON L9Z 2C9,Wasaga Beach,Restaurant
Kawartha Dairy,647 Atherley Rd Orillia ON L3V 1P1,Orillia,Restaurant
Kelly's Bistro,34 Victoria St E Alliston ON L9R 1T4,Alliston,Restaurant
Kelly's Kitchen Pub,5 Manitoba Street Bracebridge ON P1L 2A4,Bracebridge,Restaurant
Kelsey's,917 King Street Midland ON L4R 4L3,Midland,Restaurant
Kelsey's,371 First St Collingwood ON L9Y 1B3,Collingwood,Restaurant
Kelsey's,27 Mapleview Dr W Barrie ON L4N 9H5,Barrie,Restaurant
Kelsey's,20-111 Howland Dr Huntsville ON P1H 2P4,Huntsville,Restaurant
Kelsey's,458 Bayfield Street Barrie ON L4M 5A2,Barrie,Restaurant
Kelsey's,405 Memorial Avenue Orillia ON L3V 5Y1,Orillia,Restaurant
Kenzington Burger Bar,40 Dunlop St E Barrie ON L4M 1A3,Barrie,Restaurant
Kenzington Burger Bar,511 Bryne Dr Barrie ON L4N 9P7,Barrie,Restaurant
Kenzington Burger Bar,85 Mississaga St E Orillia ON L3V 1V6,Orillia,Restaurant
Kenzington Burger Bar,1-4 Holland Street W Bradford ON L3Z 2A9,Bradford,Restaurant
KFC,505 Highway 118 W Bracebridge ON P1L 1T1,Bracebridge,Restaurant
KFC,14 King William St Huntsville ON P1H 1G5,Huntsville,Restaurant
KFC,350 Winewood Ave E Gravenhurst ON P1P 1B7,Gravenhurst,Restaurant
KFC,375 King Street Midland ON L4R 3M7,Midland,Restaurant
KFC,70 First St Collingwood ON L9Y 1A3,Collingwood,Restaurant
KFC,1-502 Holland Street West Bradford ON L3Z 0A2,Bradford,Restaurant
KFC / Taco Bell,644 Yonge St Barrie ON L4N 4E6,Barrie,Restaurant
KFC / Taco Bell,281 Main St Wasaga Beach ON L9Z 2L3,Wasaga Beach,Restaurant
KFC / Taco Bell,315 Bayfield St Barrie ON L4M 3C2,Barrie,Restaurant
Kimberley's,A-28 Queen St W Elmvale ON L0L 1P0,Springwater,Restaurant
Kings and Castles,7-649 Bayview Dr Barrie ON L4N 6Z2,Barrie,Restaurant
Kitchens Pastry and Catering,A-16 Manitoba Street Bracebridge ON P1L 1R9,Bracebridge,Restaurant
Kitcho Sushi,240 First St Collingwood ON L9Y 1A9,Collingwood,Restaurant
Knights Inn,69 Main St W Huntsville ON P1H 1W9,Huntsville,Restaurant
KoHyang House Korean & Asian Cuisine,33 Bayfield Street Barrie ON L4M 3A6,Barrie,Restaurant
Koi Sushi,1-2-660 Atherley Rd Orillia ON L3V 1P2,Orillia,Restaurant
L.A. Cafe,339 Lafontaine Rd W Tiny ON L9M 0H1,Tiny,Restaurant
La Baie Creperie,342 King St Midland ON L4R 3M8,Midland,Restaurant
La Mexicanada Restaurant,32 Holland St E Bradford ON L3Z 2B5,Bradford,Restaurant
La Pizzeria,7278 Highway 26 Stayner ON L0M 1S0,Stayner,Restaurant
Labyrinth Games And Cafe,1-12 Commerce Park Drive Barrie ON L4N 8W8,Barrie,Restaurant
Lady Muskoka Cruises,300 Ecclestone Dr Bracebridge ON P1L 1G4,Bracebridge,Restaurant
Lagoon Harbour Resort & Hotel - Lakeview Restaurant,1 Poplar Crescent Brechin ON L0K 1B0,Brechin,Restaurant
Lake Country Grill,425 West St N Orillia ON L3V 7R2,Orillia,Restaurant
"Lake Joseph Club, The",1072 Elgin House Rd Minett ON P0B 1J0,Minett,Restaurant
"Lake Joseph Club, The",1072 Elgin House Rd Minett ON P0B 1J0,Minett,Restaurant
Lake of Bays Brew Pub,59 Main St E Huntsville ON P1H 2B8,Huntsville,Restaurant
Lake St. George Golf Club,3156 South Sparrow Lake Rd Washago ON L0K 2B0,Washago,Restaurant
Lakeside Bala Limited,3068 Muskoka Rd 169 Bala ON P0C 1A0,Bala,Restaurant
Lakeside Seafood & Grill,9 Harbour St E Collingwood ON L9Y 5C5,Collingwood,Restaurant
Landings of Willow Creek Golf Course,424 Penetanguishene Road Barrie ON L4M 4Y8,Barrie,Restaurant
Lanterna Ristorante North,2812 Lakeshore Drive Brechin ON L0K 1B0,Brechin,Restaurant
"Last Class Café, The",1 Georgian Dr Barrie ON L4M 3X9,Barrie,Restaurant
"Last Shot Bar & Grill, The",1-4171 Innisfil Beach Road Thornton ON L0L 2N0,Thornton,Restaurant
Lazeez Shawarma,5-176 Victoria Street East Alliston ON L9R 1K6,Alliston,Restaurant
Lazy Tulip Café,29 Maple Ave Barrie ON L4N 1A2,Barrie,Restaurant
Le Villageois de Lafontaine / Rendezvous Lafontaine,333 Lafontaine Rd W Tiny ON L9M 0H1,Tiny,Restaurant
Leacock Cafe,50 Museum Dr Orillia ON L3V 6K5,Orillia,Restaurant
Lee's Kitchen Chinese & Thai Cuisine,4-346 Bayfield St Barrie ON L4M 3C4,Barrie,Restaurant
Lee's Tasty House,17 Holland St E Bradford ON L3Z 2A9,Bradford,Restaurant
Licious Italian Bakery Cafe,2-490 Mapleview Street West Barrie ON L4N 6C3,Barrie,Restaurant
Lickel Bickle,598 Atherly Rd Orillia ON L3V 1P2,Orillia,Restaurant
Life's A Slice Pizza,3-200 Main St Stayner ON L0M 1S0,Stayner,Restaurant
Life's A Slice Pizza,13 Yonge St S Elmvale ON L0L 1P0,Elmvale,Restaurant
Life's a Slice Pizza & Shawarma,670 River Road W Wasaga Beach ON L9Z 2P1,Wasaga Beach,Restaurant
Lilly's Italian Eatery,223 King St Midland ON L4R 3M1,Midland,Restaurant
Lily Pad,150 Laguna Parkway Brechin ON L0K 1B0,Brechin,Restaurant
Limoncello Bistro,41 Maple Ave Barrie ON L4N 1S1,Barrie,Restaurant
Linda's Eating Place & Coffee Shop,1027 Bayfield St N Midhurst ON L0L 1X1,Midhurst,Restaurant
Linx Kitchen + Social,312 King Street Barrie ON L4N 6L2,Barrie,Restaurant
Little D's Family Restaurant,7-165 Wellington St W Barrie ON L4N 1L7,Barrie,Restaurant
Living Water Resorts - Station on the Green Bar & Grill,28 Harbour St W Collingwood ON L9Y 3Z4,Collingwood,Restaurant
"Local Landing, The",1-119 Medora Street Port Carling P.O. Box 278 ON P0B 1J0,Port Carling,Restaurant
"Lockeroom Sports Bar & Grill, The",201 Cundles Rd E Barrie ON L4M 4S5,Barrie,Restaurant
Log Cabin Restaurant,3394 Muskoka St Washago ON L0K 2B0,Washago,Restaurant
Lone Star Texas Grill,140 Park Pl Boulevard Barrie ON L4N 6P1,Barrie,Restaurant
Lone Wolf Cafe,10 Matchedash Street South Orillia ON L3V 4W3,Orillia,Restaurant
Loobies Restaurant,2066 Horseshoe Valley Rd W Barrie ON L4M 4Y8,Barrie,Restaurant
Loretto Tavern,7994 County Rd 1 Loretto ON L0G 1L0,Loretto,Restaurant
Lot 88 Kitchen and Bar,294 Memorial Ave Orillia ON L3V 5X6,Adjala-Tosorontio,Restaurant
Lumina Resort,1348 Fox Point Rd Dwight ON P0A 1H0,Lake of Bays,Restaurant
MacLeod's Coffee Shop & Lunch Spot,2-21 High St MacTier ON P0C 1H0,MacTier,Restaurant
Mac's Sushi,J09B-509 Bayfield St Barrie ON L4M 4Z8,Barrie,Restaurant
Mad Cravings,8215 Highway 93 Tiny ON L0K 2E1,Wyebridge,Restaurant
Mad Dogs Coffee & Vinyl Café,239 Hurontario St Collingwood ON L9Y 2M1,Collingwood,Restaurant
"Mad River Golf Club, The",2008 Airport Rd Creemore ON L0M 1G0,Creemore,Restaurant
Made In Mexico,I6-465 Holland Street W Bradford West Gwillimbury ON L3Z 0C1,Bradford West Gwillimbury,Restaurant
Main Street Local,24 Main St E Huntsville ON P1H 2C8,Huntsville,Restaurant
Malikai Bistro,3 Church St S Alliston ON L9R 1V5,Alliston,Restaurant
Malones Pint House,118 Bradford Street Barrie ON L4N 3B1,Barrie,Restaurant
Mandarin,28 Fairview Rd Barrie ON L4N 4P3,Barrie,Restaurant
Maple Canadian Pub,282 King Street Midland ON L4R 3M6,Midland,Restaurant
Maple Orchard Farms,14 Gray Rd Bracebridge ON P1L 1P8,Bracebridge,Restaurant
Marigold Unique Flavour,17 Main St E Huntsville ON P1H 2C6,Huntsville,Restaurant
Marigold Unique Flavour,270 Manitoba Street Bracebridge Ontario P1H 1S5,Bracebridge,Restaurant
Marina's Pizza & Sports Bar,545 Talbot St Port McNicoll ON L0K 1R0,Port McNicoll,Restaurant
"Mariner Motor Hotel, The",305 Hume St Collingwood ON L9Y 1W2,Collingwood,Restaurant
Mariposa Market,109 Mississaga St E Orillia ON L3V 1V6,Orillia,Restaurant
"Market Buffet & Grill, The",147 Mapleview Dr W Barrie ON L4N 9H7,Barrie,Restaurant
Marlwood Golf and Country Club,31 Marlwood Ave Wasaga Beach ON L9Z 1S8,Wasaga Beach,Restaurant
Martyrs' Shrine,16163 Highway 12 Tay ON L4R 4K6,Tay,Restaurant
Marty's Coffee Bistro,2-221 Cundles Rd E Barrie ON L4M 6L5,Barrie,Restaurant
Mary Brown's,324 Memorial Ave Orillia ON L3V 5X9,Orillia,Restaurant
Mary Brown's,C2-563 Essa Rd Barrie ON L4N 6A9,Barrie,Restaurant
Mary Brown's,4-164 Mill St Angus ON L0M 1B2,Angus,Restaurant
Mary Brown's,1-450 Holland Street W Bradford ON L3Z 0G1,Bradford,Restaurant
Mary Brown's,21-22-165 Wellington Street W Barrie ON L4N 1L7,Barrie,Restaurant
Mary's Lakeside Grill,656 Muskoka Rd 10 Port Sydney ON P0B 1L0,Port Sydney,Restaurant
Master Burger,1-25 King St S Cookstown ON L0L 1L0,Cookstown,Restaurant
McArthur House,1074 Cranberry Road Bala ON P0C 1A0,Bala,Restaurant
McDonald's,35 Mapleview Dr W Barrie ON L4N 9H5,Barrie,Restaurant
McDonald's,1105 Bethune Dr S Gravenhurst ON P1P 1K9,Gravenhurst,Restaurant
McDonald's,40 King William St Huntsville ON P1H 1G3,Huntsville,Restaurant
McDonald's,347 Yonge St Barrie ON L4N 4C9,Barrie,Restaurant
McDonald's,85 Dunlop St W Barrie ON L4N 1A5,Barrie,Restaurant
McDonald's,159 Live Eight Way Barrie ON L4N 6P1,Barrie,Restaurant
McDonald's,40 Depot Dr Bracebridge ON P1L 0A1,Bracebridge,Restaurant
McDonald's,L-468 Holland St W Bradford ON L3Z 0A2,Bradford,Restaurant
McDonald's,30 Dunham Drive Alliston ON L9R 0G1,Alliston,Restaurant
McDonald's,1-8023 Highway 12 W Orillia ON L3V 0E7,Orillia,Restaurant
McDonald's,320 Memorial Ave Orillia ON L3V 5X6,Orillia,Restaurant
McDonald's,285 First St Collingwood ON L9Y 1B2,Collingwood,Restaurant
McDonald's,175 Murphy Road Orillia ON L3V 0B5,Orillia,Restaurant
McDonald's,105 Highway 118 W Bracebridge ON P1L 1V2,Bracebridge,Restaurant
McDonald's,231 Mill St Angus ON L0M 1B0,Angus,Restaurant
McDonald's,1269 Mosley St Wasaga Beach ON L9Z 2Y7,Wasaga Beach,Restaurant
McDonald's,24 Yonge Street S Elmvale ON L0L 1P0,Elmvale,Restaurant
McDonald's,9195 County Road 93 Midland ON L4R 4K5,Midland,Restaurant
McDonald's,545 Holland Street W Bradford ON L3Z 2A4,Bradford,Restaurant
McDonald's,137 Young Street W Alliston ON L9R 1V1,Alliston,Restaurant
McDonald's,16845 Highway 12 Midland ON L4R 0A9,Midland,Restaurant
McDonald's,446 Bayfield St N Barrie ON L4M 5A2,Barrie,Restaurant
McDonald's,637 Cundles Road E Barrie ON L4M 0K4,Barrie,Restaurant
McDonald's,450 Bayfield St Barrie ON L4M 5A2,Barrie,Restaurant
McDonald's,10-111 Howland Dr Huntsville ON P1H 2P4,Huntsville,Restaurant
McDonald's,80 Barrie View Dr Barrie ON L4N 8V4,Barrie,Restaurant
McDonald's - Angus,231 Mills Street Angus ON,Angus,Restaurant
McReilly's Pub & Restaurant,82 Dunlop St E Barrie ON L4M 1A4,Barrie,Restaurant
Memories Restaurant & Bar,19 Keith Ave Collingwood ON L9Y 4T9,Collingwood,Restaurant
Mexhico,37 Dunlop St West Barrie ON,Barrie,Restaurant
Mexican Bowl,157 Essa Road Barrie ON L4N 3L2,Barrie,Restaurant
Michael & Marion's,89 Bayfield Street Barrie ON L4M 3A7,Barrie,Restaurant
Midland Fish & Chips,311 King Street Midland ON L4R 3M5,Midland,Restaurant
Midland Golf & Country Club,9536 County Road 93 Midland ON L4R 4K6,Midland,Restaurant
Midland Inn & Suites,720 Prospect Boulevard Midland ON L4R 4P4,Midland,Restaurant
Midway Diner,151 Bradford St Barrie ON L4N 3B4,Barrie,Restaurant
Milestone's Grill + Bar,150 Park Pl Boulevard Barrie ON L4N 6P1,Barrie,Restaurant
Milford Bay Cafe & Corner Store,1010 Beaumaris Rd Milford Bay ON P0B 1E0,Milford Bay,Restaurant
"Mill on Main, The",50 Main St E Huntsville ON P1H 2C7,Huntsville,Restaurant
Ming Garden,240 Big Bay Point Rd Barrie ON L4N 0B8,Barrie,Restaurant
Minho Restaurant & Catering,15 Holland St W Bradford ON L3Z 2A7,Bradford,Restaurant
Min-Ji's,854 Yonge St Midland ON L4R 2E8,Midland,Restaurant
Miss Nelle's Antiques & Cafe,2 Bay St Baysville ON P0B 1A0,Baysville,Restaurant
Mmm Donuts Cafe & Bakery,11-240 Bayview Drive Barrie ON L4N4Y8,Barrie,Restaurant
Moguls Billiards Bar & Grill,32 Simcoe Street Collingwood ON L9Y 1H6,Collingwood,Restaurant
Momma's Family Fish and Chips,7-200 Manitoba Street Bracebridge ON P1L 2E2,Bracebridge,Restaurant
Mom's Restaurant,200 Pillsbury Drive Midland ON L4R 4K5,Midland,Restaurant
Mona's Jerk,3-17 King Street Angus ON L0M 1B0,Angus,Restaurant
Montana's BBQ & Bar,79 Balsam St Collingwood ON L9Y 3Y6,Collingwood,Restaurant
Montana's BBQ & Bar,66 Barrie View Dr Barrie ON L4M 4S7,Barrie,Restaurant
Montana's BBQ & Bar,3250 Monarch Dr Orillia ON L3V 8A2,Orillia,Restaurant
Montana's BBQ & Bar,407 Cundles Rd E Barrie ON L4M 0G9,Barrie,Restaurant
Montana's BBQ & Bar,146 Young St Alliston ON L9R 0E9,Alliston,Restaurant
Monte Carlo Inn - Scarpaccio Grill & Wine Bar,81 Hart Dr Barrie ON L4N 5M3,Barrie,Restaurant
Moon River Lookout,1002 Walker St Bala ON P0C 1A0,Bala,Restaurant
"Moose Café & Grill, The",2803 Highway 60 Dwight ON P0A 1H0,Dwight,Restaurant
Moose Delaney's Sports Grill,3 Cann Street Huntsville ON P1H 1H3,Huntsville,Restaurant
Moose Winooski's,D3-407 Bayfield St Barrie ON L4M 6E5,Barrie,Restaurant
Mottbora Come and Taste,14 Main St Huntsville ON P1H 2C9,Huntsville,Restaurant
Moxie's Grill & Bar,N51-509 Bayfield St Barrie ON L4M 4Z8,Barrie,Restaurant
Mr Greek,1-90 Park Pl Boulevard Barrie ON L4N 6P8,Barrie,Restaurant
Mr. Gigi's Restaurant,10 Main St W Beeton ON L0G 1A0,Beeton,Restaurant
Mr. Sub,11-222 Mapleview Dr W Barrie ON L4N 9E7,Barrie,Restaurant
Mr. Sub,13-1070 Innisfil Beach Rd Alcona ON L9S 4T9,Alcona,Restaurant
Mr. Sub,3-115 First St Collingwood ON L9Y 1A5,Collingwood,Restaurant
Mr. Sub,7-29 Anne street south Barrie ON L4N 2C5,Adjala-Tosorontio,Restaurant
Mr. Sub,1-4 Pine River Rd Angus ON L0M 1B2,Angus,Restaurant
Mr. Sub,7377 Highway 26 Stayner ON L0M 1S0,Stayner,Restaurant
Mr. Sub,22-425 West St N Orillia ON L3V 7R2,Orillia,Restaurant
Mr. Sub,2-5964 Highway 9 New Tecumseth ON L0G 1T0,New Tecumseth,Restaurant
Mr. Sub,1-349 King St Midland ON L4R 3M7,Midland,Restaurant
Mr. Sub,1-1295 Muskoka Rd S Gravenhurst ON P1P 1K9,Gravenhurst,Restaurant
Mr. Sub,189 Mississaga St E Orillia ON L3V 1V9,Orillia,Restaurant
Mr. Sub,A-185 Holland Street E Bradford ON L3Z 2B1,Bradford,Restaurant
Mr. Sub & Country Style,131 Tiffin Street Barrie ON L4N 2N3,Barrie,Restaurant
Mr. Sub & Country Style,505 Bayfield Street Barrie ON L4M 5A2,Barrie,Restaurant
Mr. Sub / Country Style,396 Holland St W Bradford ON L3Z 1J3,Bradford,Restaurant
Mucho Burrito,353 Duckworth St Barrie ON L4M 5C2,Barrie,Restaurant
Mucho Burrito,C3-420 Essa Road Barrie ON L4N 9J7,Barrie,Restaurant
Mucho Burrito,6-442 Holland Street West Bradford ON L3Z 0G1,Bradford,Restaurant
Mucho Burrito,50 Mapleview Dr W Barrie ON L4N 6L4,Barrie,Restaurant
Mucho Burrito,3D-295 Wellington Street Bracebridge ON P1L 1P3,Bracebridge,Restaurant
Mucho Burrito,10 Balsam St Collingwood ON L9Y 3J4,Collingwood,Restaurant
Mucho Burrito,1-360 Bayfield St Barrie ON L4M 3C3,Barrie,Restaurant
Mucho Burrito,3-285 Dunlop St W Barrie ON L4N 1C1,Barrie,Restaurant
Mucho Burrito,1-3220 Monarch Dr Orillia ON L3V 8A2,Orillia,Restaurant
"Muddy Water Hotel, The",25 Main St W Beeton ON L0G 1A0,Beeton,Restaurant
Muskobilly's Lakeside Tap & Grill,1-916 Bay St Gravenhurst ON P1P 1Z9,Gravenhurst,Restaurant
Muskoka Bay Club,1217 North Muldrew Lake Road Gravenhurst ON P1P 1T9,Gravenhurst,Restaurant
Muskoka Brewery Taproom Kitchen,1964 Muskoka Beach Rd Bracebridge ON P1L 1V4,Bracebridge,Restaurant
Muskoka Highlands Golf Links,1036 South Monck Dr Bracebridge ON P1L 1W8,Bracebridge,Restaurant
Muskoka Lakes Golf & Country Club,1072 Shamrock Rd Port Carling ON P0B 1J0,Port Carling,Restaurant
Muskoka Natural Food Market,229 Manitoba St Bracebridge ON P1L 1S2,Bracebridge,Restaurant
Muskoka on the Rocks Steakhouse & Pub,2215 Highway 60 Huntsville ON P1H 2J6,Lake of Bays,Restaurant
Nando's,89 Parkplace Boulevard Barrie ON L4N 9A9,Barrie,Restaurant
Nan's Coffee Bar,11 Victoria St E Alliston ON L9R 1V5,Alliston,Restaurant
Neko Sushi,10 Holland St. W Bradford ON L3Z 2B5,Bradford,Restaurant
New Haven Restaurant,160 Manitoba St Bracebridge ON P1L 1Z9,Bracebridge,Restaurant
Nick's Family Restaurant,146 Kimberley Ave Bracebridge ON P1L 1Z9,Bracebridge,Restaurant
Nicolas Restaurant and Bar,1114 Honey Harbour Rd Port Severn ON L0K 1S0,Port Severn,Restaurant
Night King,18-22 Dunlop St W Barrie ON L4N 1A2,Barrie,Restaurant
Nino's Italian Restaurant,298 Blake Street Barrie ON L4M 1K8,Barrie,Restaurant
Noble Cuisine Thai & Japanese,10 Fairview Rd Barrie ON L4N 4P3,Barrie,Restaurant
North Country,10 Dunlop Street E Barrie ON L4M 1A3,Barrie,Restaurant
"North Restaurant, The",49 Mary Street Barrie ON L4N 1T2,Barrie,Restaurant
Northway Restaurant & Truck Stop,2493 Highway 11 N Oro Station ON L0L 2E0,Oro Station,Restaurant
Northwinds Brewhouse & Eatery,3-4 499 First St Collingwood ON L9Y 1B9,Collingwood,Restaurant
Nostimo's Greek Souvlaki,48 Holland St E Bradford ON L3Z 2B6,Bradford,Restaurant
Nottawasaga Inn Resort,6015 Highway 89 Alliston ON L9R 1A4,Alliston,Restaurant
Oak Bay Golf & Country Club,67 Links Trail Port Severn ON L0K 1S0,Port Severn,Restaurant
"Oar & Paddle, The",530 Muskoka Road N Gravenhurst ON P1P 1J8,Gravenhurst,Restaurant
O'Hales Public House,5-118 Holland Street E Bradford ON L3Z 2B4,Bradford,Restaurant
O'Hara's Public House,Q-420 Leacock Dr Barrie ON L4N 5G5,Barrie,Restaurant
Ol' West Wing,13-14-172 Prince William Way Barrie ON L9J 0G7,Barrie,Restaurant
Ol' West Wing,1-3-211 Ferndale Dr S Barrie ON L4N 6B9,Barrie,Restaurant
Old Mill Family Restaurant,155 Muskoka Rd S Gravenhurst ON P1P 1V3,Gravenhurst,Restaurant
"Old Mill House Pub, The",141 Mill St Creemore ON L0M 1G0,Creemore,Restaurant
"Old Station Restaurant, The",88 Manitoba St Bracebridge ON P1L 1S1,Bracebridge,Restaurant
"Olde Red Hen Restaurant, The",146 Hurontario St Collingwood ON L9Y 2L8,Collingwood,Restaurant
Oliver's Coffee,20 Park Dr Huntsville ON P1H 1P5,Huntsville,Restaurant
Oliver's Coffee,510 Muskoka Rd S Gravenhurst ON P1P 1J8,Gravenhurst,Restaurant
Oliver's Coffee,1-203 Manitoba Street Bracebridge ON P1L 1S2,Bracebridge,Restaurant
Oliver's Coffee,1003 Mill St Bala ON P0C 1A0,Bala,Restaurant
On the Docks Pub,4-90 Main St E Huntsville ON P1H 2C7,Huntsville,Restaurant
One Fourty Seven Italian Cuisine,147 Dunlop St E Barrie ON L4M 1A4,Barrie,Restaurant
One Love Island Cuisine,47 Dunlop St W Barrie ON L4N 1A4,Barrie,Restaurant
Ontario Fire College,1495 Muskoka Rd N Gravenhurst ON P1P 1R8,Gravenhurst,Restaurant
"Original Barrie Burger, The",3-409 Yonge St Barrie ON L4N 4E1,Barrie,Restaurant
"Original Mom's Restaurant, The",65 Bell Farm Rd Barrie ON L4M 5G1,Barrie,Restaurant
"Original Mondos Restaurant & Deli, The",4-461 Dunlop St W Barrie ON L4N 1C2,Barrie,Restaurant
Orillia Boat Cruises - Island Princess,209 Mississaga St E Orillia ON L3V 1W2,Orillia,Restaurant
Orr Lake Golf Club,5637 Penetanguishene Rd Elmvale ON L0L 1P0,Elmvale,Restaurant
OslerBrook Golf and Country Club,2634 10th Line N Collingwood ON L9Y 3Y9,Collingwood,Restaurant
Osmow's,6-459 Holland St W Bradford ON L3Z 0C1,Bradford,Restaurant
Osmow's,4-1472 Innisfil Beach Road Innisfil ON L9S 4J1,Innisfil,Restaurant
Osmow's,2-285 Mill Street Angus ON L0M 1B4,Angus,Restaurant
Osmow's,R02-36 Young Street West Alliston ON L9R 1P8,Alliston,Restaurant
Osmow's,103-494 Big Bay Point Rd Barrie ON L4N 3Z5,Barrie,Restaurant
Osmow's,547 Cundles Rd E Barrie ON L4M 0J7,Barrie,Restaurant
Osmow's Modern Mediterranean Cuisine,1-30 Diana Drive Orillia ON L3V 0E2,Orillia,Restaurant
Oviinbyrd Golf Club,4805 Muskoka Road 169 Foot's Bay ON P0C 1H0,Foot's Bay,Restaurant
Palace Pizza,1-338 Park Street Victoria Harbour ON L0K 2A0,Victoria Harbour,Restaurant
Pan Mai Restaurant,1-2 175 Main St Penetanguishene ON L9M 1L8,Penetanguishene,Restaurant
Panda Express,1-223 Mill St Angus ON L0M 1B2,Angus,Restaurant
Panera Bread,149 Park Place Boulevard Barrie ON L4N 6P1,Barrie,Restaurant
Pasta Tree & Smokehouse,300 Ecclestone Dr Bracebridge ON P1L 1G4,Bracebridge,Restaurant
Paula's Pantry & Gifts,17 Eighth St Collingwood ON L9Y 2C4,Collingwood,Restaurant
Phil's Casual Dining Restaurant,48 Main Street Penetanguishene ON L9M 1T2,Penetanguishene,Restaurant
Phil's Pub & Eatery,519 Hugel Avenue Midland ON L4R 1V8,Midland,Restaurant
Pho Bistro,1B-300 Holland Street West Bradford ON L3Z 1H9,Bradford,Restaurant
Pho Bistro,9-649 Yonge St Barrie ON L4N 4E7,Barrie,Restaurant
Pho Le,1B-499 First St Collingwood ON,Collingwood,Restaurant
Pho Mekong,A9-555 Essa Rd Barrie ON L4N 6A9,Barrie,Restaurant
Piccolo's Italian Eatery,581 Tiny Beaches Rd N Tiny ON L0L 2J0,Penetanguishene,Restaurant
Pie Wood Fired Pizza Joint,"E, G, H-34 Commerce Park Drive Barrie ON L4N 8W8",Barrie,Restaurant
Pie Wood Fired Pizza Joint,837 King Street S Midland ON L4R 4K3,Midland,Restaurant
Pie Wood Fired Pizza Joint,1040 Juddhaven Rd Minett ON P0B 1G0,Minett,Restaurant
Pie Wood Fired Pizza Joint,A1-11 Victoria St Barrie ON L4N 6T3,Barrie,Restaurant
Pie Wood Fired Pizza Joint,2641 Muskoka Rd Torrance ON P0C 1M0,Torrance,Restaurant
Pier 21,4 Main Street Penetanguishene Ontario L9M 1T1,Penetanguishene,Restaurant
"Pine Lodge Muskoka, JIMMY Z's",484 Muskoka Rd 10 Port Sydney ON P0B 1J0,Port Sydney,Restaurant
Pioneer Restaurant,7-95 Holland Street W Bradford ON L3Z 2B5,Bradford,Restaurant
Pita Pit,6-89 Park Place Boulevard Barrie ON L4N 6P4,Barrie,Restaurant
Pita Pit,815 King Street Midland ON L4R 0B7,Midland,Restaurant
Pita Pit,8-295 Wellington St Bracebridge ON P1L 1P3,Bracebridge,Restaurant
Pita Pit,35 Lone Pine Road Port Severn ON L0K 1S0,Port Severn,Restaurant
Pita Pit,2-342 Bayfield St Barrie ON L4M 3C4,Barrie,Restaurant
Pita Pit,7-1354 Innisfil Beach Road Innisfil ON L9S 4B7,Alcona,Restaurant
Pita Pit,147 Hurontario St Collingwood ON L9Y 2L9,Collingwood,Restaurant
Pita Pit,2-130 Howland Dr Huntsville ON P1H 2P9,Huntsville,Restaurant
Pita Pit,48 Mississaga St E Orillia ON L3V 2V5,Orillia,Restaurant
Pita Pit,9-1288 Mosley Street Wasaga Beach ON L9Z 2C9,Wasaga Beach,Restaurant
Pita Pit,29 Dunlop St E Barrie ON L4M 1A2,Barrie,Restaurant
Pita Pit,E - 109 Young St Alliston ON L9R 0E9,Alliston,Restaurant
Pizza Dee's,810 Mosley St Wasaga Beach ON L9Z 2H4,Wasaga Beach,Restaurant
Pizza Express,2-8056 Yonge Street Stroud ON L9S 1L6,Stroud,Restaurant
Pizza Hut,H3-483 Holland Street W Bradford ON L3Z 0C1,Bradford,Restaurant
Pizza Hut,4-7 Commerce Rd Angus ON L0M 1B2,Angus,Restaurant
Pizza Hut,"1-233 Hwy 60, Huntsville ON P1H 1C2",Huntsville,Restaurant
Pizza Hut,205 Manitoba St Bracebridge ON P1L 1S3,Bracebridge,Restaurant
Pizza Hut,12A-130 Bell Farm Rd Barrie ON L4M 6J4,Barrie,Restaurant
Pizza Hut,203 Main Street E Stayner ON L0M 1S0,Stayner,Restaurant
Pizza Hut,342 Bayfield St Barrie ON L4M 3C4,Barrie,Restaurant
Pizza Hut,2-405 Muskoka Road South Gravenhurst ON P1P 1J8,Gravenhurst,Restaurant
Pizza Nova,A-99 Main St. E Huntsville ON P1H 1H1,Huntsville,Restaurant
Pizza Nova,293 Coldwater Rd W Orillia ON L3V 3M1,Orillia,Restaurant
Pizza Perfect & Diner,158 Mill St Creemore ON L0M 1G0,Creemore,Restaurant
Pizza Pizza,4-5-193 Mill St Angus ON L0M 1B0,Angus,Restaurant
Pizza Pizza,36 Coldwater Road Coldwater ON L0K 1E0,Coldwater,Restaurant
Pizza Pizza,90 Main St E Huntsville ON P1H 2C7,Huntsville,Restaurant
Pizza Pizza,10-279 Yonge St Barrie ON L4N 7T9,Barrie,Restaurant
Pizza Station,415 Bethune Drive N Gravenhurst ON P1P 1B8,Gravenhurst,Restaurant
Pizzaville,281 First St Collingwood ON L9Y 1B2,Collingwood,Restaurant
Pizzeria Italia Restaurant,18 Mulcaster St Barrie ON L4M 3M1,Barrie,Restaurant
Poolhub,8-225 Ferndale Dr S Barrie ON L4N 6B9,Barrie,Restaurant
Popeyes Louisiana Kitchen,1070 Innisfil Beach Road Innisfil ON L9S 4T9,Innisfil,Restaurant
Popeyes Louisiana Kitchen,161 Mapleview Dr W Barrie ON L4N 9E8,Barrie,Restaurant
Popeyes Louisiana Kitchen,3220 Monarch Dr Orillia ON L3V 8A2,Orillia,Restaurant
Popeyes Louisiana Kitchen,7 Anne St S Barrie ON L4N 2C4,Barrie,Restaurant
Popeyes Louisiana Kitchen,7-151 First Street Collingwood ON L9Y 4W3,Collingwood,Restaurant
Popeyes Louisiana Kitchen Bradford,484 Holland Street W Bradford ON L3Z 0A2,Bradford,Restaurant
Port Cafe,423 Talbot St Port McNicoll ON L0K 1R0,Adjala-Tosorontio,Restaurant
Port Carling Golf & Country Club,12 Donald Drive Port Carling ON P0B 1J0,Port Carling,Restaurant
Port Cunnington Lodge & Resort,1679 Port Cunnington Rd Dwight ON P0A 1H0,Lake of Bays,Restaurant
Port Side Fusion,98 Joseph Street Port Carling ON P0B 1J0,Port Carling,Restaurant
Portage Coffeeworks,2362 Highway 11 N Gravenhurst ON P1P 1R1,Gravenhurst,Restaurant
Portugalo BBQ,7-480 Mapleton Avenue Barrie ON L4N 9C2,Barrie,Restaurant
Press Juice Co.,11 Simcoe St Collingwood ON L9Y 1H5,Collingwood,Restaurant
Press Market,A104-10 Keith Ave Collingwood ON L9Y 0W5,Collingwood,Restaurant
Prime Seven Nine,79 Hurontario St Collingwood ON L9Y 2L9,Collingwood,Restaurant
Qing's Cuisine,9-610 Huronia Rd Barrie ON L4N 0W5,Barrie,Restaurant
Quality Inn and Conference Centre,924 King St Midland ON L4R 0B8,Midland,Restaurant
Quayle's Brewery,4567 Line 12 N Oro-Medonte ON L0K 1E0,Oro-Medonte,Restaurant
"Queens Hotel, The",94 Dunlop St E Barrie ON L4M 1A4,Barrie,Restaurant
"Queens Quay British Pub and Restaurant, The",A-67 Juneau Rd Victoria Harbour ON L0K 2A0,Victoria Harbour,Restaurant
Quesada,4-151 First St Collingwood Ontario L9Y 4W3,Collingwood,Restaurant
Quesada Burrito & Tacos,1-117 Young St Alliston ON L9R 0R9,Alliston,Restaurant
Quesada Burrito & Tacos,1-380 Memorial Ave Orillia ON L3V 6H1,Orillia,Restaurant
Quick Chik,7-353 Duckworth St Barrie ON L4M 5C2,Barrie,Restaurant
Quince Bistro,157 Mill Street Creemore ON L0M 1G0,Creemore,Restaurant
R Cottage,3385 Muskoka St Washago ON L0K 2B0,Washago,Restaurant
R.M.S. Segwun Steamship,820 Bay St Gravenhurst ON P1P 1G7,Gravenhurst,Restaurant
Raceway Buffet,7485 5th Sideroad Innisfil ON L9S 3S1,Innisfil,Restaurant
Rack'em Jack Billiards and Sports Lounge,1033 Mississaga St W Orillia ON L3V 3C7,Orillia,Restaurant
Radio Café,37 Mulcaster St Barrie ON L4M 3M2,Barrie,Restaurant
"Ranch 2.0, The",56 Bayfield St Barrie ON L4M 3A5,Barrie,Restaurant
Ranchero's Grill,A-2 Front Street St Orillia ON L3V 4R9,Orillia,Restaurant
Rawley Resort & Marina,2900 Kellys Rd Port Severn ON L0K 1S0,Port Severn,Restaurant
Rd Hus Orillia,177 Mississaga Street East Orillia ON L3V 1V8,Orillia,Restaurant
Red Lobster,319 Bayfield St Barrie ON L4M 3C2,Barrie,Restaurant
Redline Brewhouse,8-9-431 Bayview Dr Barrie ON L4N 8Y2,Barrie,Restaurant
Reginos Pizza,3-555 Mapleview Dr W Barrie ON L4N 8G5,Barrie,Restaurant
Restaurant Sainte-Marie,16164 Highway 12 Tay ON L4R 4K8,Tay,Restaurant
Retro Cafe,4 Queen St East Elmvale Ontario L0L 1P0,Elmvale,Restaurant
Ricardo's Taj Mahal,508-34 Cedar Pointe Drive Barrie ON L4N 5R7,Barrie,Restaurant
Richwell's,3842 Highway 118 W Port Carling ON P0B 1J0,Port Carling,Restaurant
Rickshaw Restaurant,350 Muskoka Rd S Gravenhurst ON P1P 1J4,Gravenhurst,Restaurant
"Ridge Snack Bar, The",4795 CW Leach Rd Alliston ON L9R 0H2,Alliston,Restaurant
Ripe Juicery,4-371 King St Barrie ON L4N 6B5,Barrie,Restaurant
Riverhouse Restaurant,1726 Earl Haid Ave Severn Falls ON L0K 1E0,Severn Falls,Restaurant
Riverside Hideaway,1 Mill Street Coldwater ON L0K 1E0,Coldwater,Restaurant
Riverwalk Restaurant,3 Ecclestone Dr Bracebridge ON P1L 1S4,Bracebridge,Restaurant
Rock Dell Steak House & Tavern,9386 Beachwood Rd E Collingwood ON L9Y 0X2,Collingwood,Restaurant
"Rock Golf Club, The",1185 Juddhaven Rd Minett ON P0B 1G0,Minett,Restaurant
Rodeway Inn King William,23 King William St Huntsville ON P1H 1G4,Huntsville,Restaurant
Roksy's Cafe,1130 Bay Street Gravenhurst ON P1P 1Z9,Gravenhurst,Restaurant
Rombo's Family Restaurant,1-290 Muskoka Rd S Gravenhurst ON P1P 1J2,Gravenhurst,Restaurant
Rondo Bistro & Cafe,1 Holland St. W Bradford ON L3Z 2B1,Bradford,Restaurant
Rooted Plant Based Eating,338 Park St Victoria Harbour ON L0K2A0,Adjala-Tosorontio,Restaurant
Route 35 - Burgers and Brews,25748 Highway 35 Dwight ON P0A 1H0,Dwight,Restaurant
Royal Canadian Legion Branch 545,369 Second St Port McNicoll ON L0K 1R0,Port McNicoll,Restaurant
Royal Oak Restaurant,88 Laclie St Orillia ON L3V 4M8,Orillia,Restaurant
Royal Thai Cuisine,62 Maple Ave Barrie ON L4N 1R8,Barrie,Restaurant
Rustica Pizza Vino,130 Mississaga St E Orillia ON L3V 1V7,Orillia,Restaurant
Sabella Restaurant + Bar,23 Barrie St Bradford ON L3Z 2B6,Bradford,Restaurant
Sakana House,M1-347 Cundles Road E Barrie ON L4M 0G9,Barrie,Restaurant
Sakana House,9-750 Big Bay Point Rd Barrie ON L4M 4S6,Barrie,Restaurant
Sammouna,12B-9225 County Road 93 Midland ON L4R 4K4,Midland,Restaurant
Sanafir,99 Mississaga St E Orillia ON L3V 1V6,Orillia,Restaurant
"Sandbar, The",63 Beach Dr Wasaga Beach ON L9Z 2K3,Wasaga Beach,Restaurant
SanDiego Restaurant,72 First St Collingwood ON L9Y 1A3,Collingwood,Restaurant
Santa's Village - Kris Kringle's Kitchen,1624 Golden Beach Rd Bracebridge ON P1L 1T7,Bracebridge,Restaurant
Santa's Village- Riverside Rotisserie,1624 Golden Beach Village Bracebridge ON P1L 1T7,Bracebridge,Restaurant
Saucy Pasta and Gourmet Foods,205-10 Keith Ave Collingwood ON,Collingwood,Restaurant
Sawdust City Brewing Co.,397 Muskoka Road N Gravenhurst ON P1P 1G3,Gravenhurst,Restaurant
Schomberg Village Pizzeria,17-6048 Highway 9 Schomberg ON L0G 1T0,Schomberg,Restaurant
Scotty's Restaurant,8-9-636 Yonge Street Barrie ON L4N 4E6,Barrie,Restaurant
Seasons,1360 Golden Beach Rd Bracebridge ON P1L 1W8,Bracebridge,Restaurant
Seng's Authentic Thai Cuisine,2408 Highway 11 N Gravenhurst ON P1P 1R1,Gravenhurst,Restaurant
Seng's Thai Cuisine,79 Main St E Huntsville ON P1H 2B9,Huntsville,Restaurant
Settlers' Ghost Golf Club,3421 Line 1 N Oro-Medonte ON L4M 4Y8,Oro-Medonte,Restaurant
Seven Main Café,7 Main St W Huntsville ON P1H 2C5,Huntsville,Restaurant
Severn Lodge,116 Gloucester Trail Georgian Bay ON L0K 1S0,Georgian Bay,Restaurant
"Shack, The",15 Simcoe St Orillia ON L3V 1G5,Orillia,Restaurant
Shades of Muskoka - Diamond in the Ruff,1137 Old Parry Sound Rd Raymond ON P0B 1M0,Raymond,Restaurant
Shamrock Lodge,1090 Shamrock Road Port Carling ON P0B 1J0,Port Carling,Restaurant
Shanty Bay Golf & Country,322 Line 2 N Shanty Bay ON L0L 2L0,Shanty Bay,Restaurant
Shawarma Fire,9-945 Innisfil Beach Road Innisfil ON L9S 1V3,Alcona,Restaurant
Shawarma Place,9-477 Grove St E Barrie ON L4M 6M3,Barrie,Restaurant
Shawarma Times and Grill,355 Memorial Ave Orillia ON L3V 6H1,Orillia,Restaurant
Shaws Pancake House,493 Line 14 S Orillia ON L3V 6H1,Orillia,Restaurant
Sherwood Inn,1090 Sherwood Rd Port Carling ON P0B 1J0,Port Carling,Restaurant
Shine Express,B-11B Taylor Rd Bracebridge ON P1L 1S6,Bracebridge,Restaurant
Shine Juice Bar & Café,144 Mississaga St E Orillia ON L3V 1V7,Orillia,Restaurant
"Shipyards Muskoka Marketplace, The",908 Bay St Gravenhurst ON P1P 1Z9,Gravenhurst,Restaurant
Shirley's Bayside Grille,150 Dunlop St E Barrie ON L4M 6H1,Barrie,Restaurant
Sicilian Gourmet,4-225 Ferndale Dr S Barrie ON L4N 6B9,Barrie,Restaurant
Silver Brooke Golf Club,45 Cindy Lane Lisle ON L0M 1M0,Lisle,Restaurant
Silver Pines Resort,1613 Kilworthy Rd Kilworthy ON P0E 1G0,Kilworthy,Restaurant
Simmering Kettle,B2-531 Bryne Dr Barrie ON L4N 9P7,Barrie,Restaurant
Simoro Golf Links,1045 Penetanguishene Rd Barrie ON L4M 4Y8,Barrie,Restaurant
Sinbad's Fish & Chips,2-176 Victoria St E Alliston ON L9R 1K6,Alliston,Restaurant
Sir Halibut Olde Style Fish & Chips,2-4 Pine River Rd Angus ON L0M 1B2,Angus,Restaurant
Skeleton Lake Marina,1008 Skeleton Lake Rd 3 Raymond ON P0B 1M0,Raymond,Restaurant
Skyways,3560 Highway 11 N Gravenhurst ON P1P 1R1,Gravenhurst,Restaurant
Smart Moves Play Place,565 Bryne Dr Barrie ON L4N 9Y3,Barrie,Restaurant
Smoke's Poutinerie,A-24 Dunlop Street W Barrie ON L4N 1A2,Barrie,Restaurant
"Snack Shack , The",165 Mill St Angus ON L0M 1B2,Angus,Restaurant
Snow Valley Ski Resort,2632 Vespra Valley Rd Barrie ON L4M 4S9,Barrie,Restaurant
Snow Valley Ski Resort - Snow Tubing,2632 Vespra Valley Road Barrie ON L4M 4S9,Barrie,Restaurant
Sol Kitchen,19 Hurontario St Collingwood ON L9Y 2L7,Collingwood,Restaurant
SoulSistas,3-68 West Rd Huntsville ON P1H 1L8,Huntsville,Restaurant
South Beach Resto Lounge,31 Beach Drive Wasaga Beach ON L9Z 2K2,Wasaga Beach,Restaurant
South Muskoka Curling & Golf Club,10 Golf Course Road Bracebridge ON P1L 1M6,Bracebridge,Restaurant
South St. Burger Co.,421 Bryne Dr Barrie ON L4N 6C8,Barrie,Restaurant
South St. Burger Co.,1-534 Bayfield St Barrie ON L4M 5A2,Barrie,Restaurant
Spitfire Canteen,1997 Concession 6 N Stayner ON L0M 1S0,Stayner,Restaurant
Spoon and Fork Japanese Thai,130 Park Place Boulevard Barrie Ontario L4N 6P1,Barrie,Restaurant
Spring Basil Asian Cuisine,214 Victoria St E Alliston ON L9R 1K6,Alliston,Restaurant
Spring Lake Resort,2893 Highway 60 Dwight ON P0A 1H0,Dwight,Restaurant
Springwater Golf Course,1481 Golf Course Rd Minesing ON L0L 1Y2,Minesing,Restaurant
Springwater Lanes Bowling Centre,120 Yonge St N Elmvale ON L0L 1P0,Elmvale,Restaurant
Spynn,20 Fairview Rd Barrie ON L4N 4P3,Barrie,Restaurant
St. Louis Bar & Grill,1-408 Dunlop St W Barrie ON L4N 1C2,Barrie,Restaurant
St. Louis Bar & Grill,1-494 Veterans Dr Barrie ON L4N 9J5,Barrie,Restaurant
St. Louis Bar & Grill,A8-1354 Innisfil Beach Road Innisfil ON L9S 4B7,Alcona,Restaurant
St. Louis Bar & Grill,11-350 Big Bay Point Rd Barrie ON L4N 8A8,Barrie,Restaurant
St. Louis Bar & Grill,8-30 45th St S Wasaga Beach ON L9Z 0A6,Wasaga Beach,Restaurant
St. Louis Bar & Grill,1-353 Duckworth St Barrie ON L4M 5C2,Barrie,Restaurant
St. Louis Bar & Grill,1-10 Balsam St Collingwood ON L9Y 3J4,Collingwood,Restaurant
St. Louis Bar & Grill,1-541 Holland St W Bradford ON L3Z 0C1,Bradford,Restaurant
St. Louis Bar & Grill,B1-50 King Street South Alliston ON L9R 0E5,Alliston,Restaurant
St. Louis Bar& Grill,1-685 University Ave Orillia ON L3V 8K8,Orillia,Restaurant
Stacked Pancake & Breakfast House,D6-559 Essa Road Barrie ON,Barrie,Restaurant
Stacked Pancake & Breakfast House,1890 Mosley St Wasaga Beach ON L9Z 1K7,Wasaga Beach,Restaurant
Stacked Pancake & Breakfast House,2-142 Young St Alliston ON L9R 0E9,Alliston,Restaurant
Stacked Pancake & Breakfast House,440 Essa Road Barrie ON L4M 5S7,Barrie,Restaurant
Stacked Pancake & Breakfast House,10-7905 Yonge St Stroud ON L9S 1K9,Stroud,Restaurant
Stacked Pancake & Breakfast House,105-201 Cundles Road E Barrie ON L4M 4S5,Barrie,Restaurant
Stacked Pancake & Breakfast House,10-17 King St Angus ON L0M 1B2,Angus,Restaurant
Stackers Pancake House,1-2 727 William St Midland ON L4R 4Y5,Midland,Restaurant
Starbucks,65 First St Collingwood ON L9Y 1A2,Collingwood,Restaurant
Starbucks,8A-30 45th St S Wasaga Beach ON L9Z 0A6,Wasaga Beach,Restaurant
Starbucks,177 Holland St E Bradford ON L3Z 1X8,Bradford,Restaurant
Starbucks,N027-509 Bayfield St Barrie ON L4M 4Z8,Barrie,Restaurant
Starbucks,8825 Highway 11 N Severn ON L3V 6S2,Severn,Restaurant
Starbucks,D-1484 Innisfil Beach Rd Alcona ON L9S 4J1,Alcona,Restaurant
Starbucks,389 Yonge St Barrie ON L4N 4C9,Barrie,Restaurant
Starbucks,103 Mapleview Dr W Barrie ON L4N 9H7,Barrie,Restaurant
Starbucks,496 Holland St. W Bradford ON L3Z 0A2,Bradford,Restaurant
Starbucks,35 Mapleview Drive West Barrie ON L4N 9H5,Barrie,Restaurant
Starbucks,40 King St S Alliston ON L9R 1H6,Alliston,Restaurant
Starbucks,2-179 Live Eight Way Barrie ON L4N 0L1,Barrie,Restaurant
Starbucks,84 King William St Huntsville ON P1H 1A5,Huntsville,Restaurant
Starbucks,665 University Ave Orillia ON L3V 6H2,Orillia,Restaurant
Starbucks,235 Sunseeker Ave Innisfil ON L9S 2N1,Innisfil,Restaurant
Starbucks,420 Essa Rd Barrie ON L4N 9J7,Barrie,Restaurant
State & Main Kitchen & Bar,3281 Monarch Drive Orillia ON L3V 7X1,Orillia,Restaurant
State & Main Kitchen and Bar,467 Cundles St E Barrie ON L4M 0G9,Barrie,Restaurant
Station Eleven,1001 South Kashe Lake Rd Kilworthy ON P0E 1G0,Kilworthy,Restaurant
Steelers Restaurant & Pub,23 Queen St W Elmvale ON L0L 1P0,Elmvale,Restaurant
Steyn House,2 Marsellus Drive Barrie ON L4N 0Y4,Barrie,Restaurant
Stone Gate Inn,437 Laclie St Orillia ON L3V 4P7,Orillia,Restaurant
"Stone Grille, The",3-4-7975 Yonge St Stroud ON L9S 1L2,Stroud,Restaurant
Studabakers Beach Side,211 Mississaga St E Orillia ON L3V 1W2,Orillia,Restaurant
Studs Lonigan Pub,168 Main St Wasaga Beach ON L9Z 2L2,Wasaga Beach,Restaurant
Study Hall,179 Mississaga Street E Orillia ON L3V 1V8,Orillia,Restaurant
Stuffed,11 Peter Street South Orillia ON L3V5A8,Orillia,Restaurant
Submarine Supreme,562 Victoria St E Alliston ON L9R 1K1,Alliston,Restaurant
Subway,19 Mapleview Dr W Barrie ON L4N 9H5,Barrie,Restaurant
Subway,410 Essa Rd Barrie ON L4N 9J7,Barrie,Restaurant
Subway,1-205 Memorial Ave Orillia ON L3V 5X8,Orillia,Restaurant
Subway,1-331 Bayfield St Barrie ON L4M 3C2,Barrie,Restaurant
Subway,6-70 Front St N Orillia ON L3V 4R8,Orillia,Restaurant
Subway,8873 Highway 11 N Severn ON L3V 6H3,Severn,Restaurant
Subway,D10-22 Dunham Drive Alliston ON L9R 0G1,Alliston,Restaurant
Subway,7380 Highway 26 Stayner ON L0M 1S0,Stayner,Restaurant
Subway,10-237 Mapleview Dr Barrie ON L4N 0W5,Barrie,Restaurant
Subway,6-547 Holland St W Bradford ON L3Z 0C1,Bradford,Restaurant
Subway,2-7 Commerce Rd Angus ON L0M 1B2,Angus,Restaurant
Subway,8-6048 Highway 9 New Tecumseth ON L0G 1T0,New Tecumseth,Restaurant
Subway,652 Dunlop St W Barrie ON L4N 9X1,Barrie,Restaurant
Subway,12 Coldwater Rd Coldwater ON L0K 1E0,Coldwater,Restaurant
Subway,307 Blake St Barrie ON L4M 1K7,Barrie,Restaurant
Subway,345 First St Collingwood ON L9Y 1B3,Collingwood,Restaurant
Subway,2-9319 County Rd 93 Midland ON L4R 4K4,Midland,Restaurant
Subway,5-1491 Innisfil Beach Rd Alcona ON L9S 4B2,Alcona,Restaurant
Subway,D3-636 Yonge St Barrie ON L4N 4E6,Barrie,Restaurant
Subway,9-190 Minets Point Rd Barrie ON L4N 4C3,Barrie,Restaurant
Subway,10-353 Duckworth St Barrie ON L4M 5C2,Barrie,Restaurant
Subway,66 King William St Huntsville ON P1H 1G5,Huntsville,Restaurant
Subway,C-827 Big Bay Point Road Barrie ON L4N 0G5,Barrie,Restaurant
Subway,20 Depot Dr Bracebridge ON P1L 0A1,Bracebridge,Restaurant
Subway,212 King Street Midland ON L4R 3L9,Midland,Restaurant
Subway,188 Main Street Penetanguishene ON L9M 1L9,Penetanguishene,Restaurant
Subway,M-420 Leacock Drive Barrie ON L4N 5G5,Barrie,Restaurant
Subway,5-351 Talisman Dr Gravenhurst ON P1P 0A7,Gravenhurst,Restaurant
Subway,52 Queen St W Cookstown ON L0L 1L0,Cookstown,Restaurant
Subway,J45-3311 Highway 89 Cookstown ON L0L 1L0,Cookstown,Restaurant
Subway,A-172A Holland St W Bradford ON L3Z 1H7,Bradford,Restaurant
Subway,7-295 Wellington St Bracebridge ON P1L 1P3,Bracebridge,Restaurant
Subway,13-221 Cundles Rd E Barrie ON L4M 6L5,Barrie,Restaurant
Subway,1179 Bayfield St N Midhurst ON L0L 1X1,Midhurst,Restaurant
Subway,1-89 Park Pl Boulevard Barrie ON L4N 6P4,Barrie,Restaurant
Subway,151 Medora St Port Carling ON P0B 1J0,Port Carling,Restaurant
Subway,4-30 45th St S Wasaga Beach ON L9Z 0A6,Wasaga Beach,Restaurant
Subway,175 Hanes Rd Huntsville ON P1H 1M4,Huntsville,Restaurant
Subway,3-102 Bayfield St Barrie ON L4M 3A8,Barrie,Restaurant
Subway,B1-7 Anne Street W Barrie ON L4N 1C1,Barrie,Restaurant
Subway,975 West Ridge Boulevard Orillia ON L3V 8A3,Orillia,Restaurant
Subway,2-281 Coldwater Rd W Orillia ON L3V 3M1,Orillia,Restaurant
Subway,5-8056 Yonge St Stroud ON L9S 1L6,Stroud,Restaurant
Subway,367 Cundles Road E Barrie ON L4M 0G9,Barrie,Restaurant
Subway,87-320 Bayfield St Barrie ON L4M 3C1,Barrie,Restaurant
Subway,645 Hurontario St Collingwood ON L9Y 2N6,Collingwood,Restaurant
Subway,430 Pine St Waubaushene ON L0K 2C0,Waubaushene,Restaurant
Subway,459 West St N Orillia ON L3V 5E9,Orillia,Restaurant
Subway,5-627 River Rd W Wasaga Beach ON L9Z 2P1,Wasaga Beach,Restaurant
Subway,10-660 Atherley Rd Orillia ON L3V 1P2,Orillia,Restaurant
Sugar Ridge Retreat Centre,5720 Forget Road Wyebridge ON L0K 2E0,Wyebridge,Restaurant
Sully's Muskoka,7-13C Taylor Rd Bracebridge ON P1L 2E8,Bracebridge,Restaurant
Summerland General Store,1003 Riley Lake Rd Gravenhurst ON P1P 1R3,Gravenhurst,Restaurant
Sunset Grill,367 Cundles Rd E Barrie ON L4M 0G9,Barrie,Restaurant
Sunset Grill,109 Young St Alliston ON L9R 0E9,Alliston,Restaurant
Sunset Grill,1472 Innisfil Beach Rd Innisfil ON L9S 4B2,Innisfil,Restaurant
Sunset Grill,L2-487 Holland Street W Bradford ON L3Z 0C1,Bradford,Restaurant
Sunset Grill,A-3270 Monarch Drive Orillia ON L3V 8A2,Orillia,Restaurant
Sunset Grill,J09E-509 Bayfield St Barrie ON L4M 4Z8,Barrie,Restaurant
Sunset Grill,04-25 Stonebridge Boulevard Wasaga Beach ON L9Z 0B6,Wasaga Beach,Restaurant
Sunset Grill,85 Barrie View Dr Barrie ON L4N 8V4,Barrie,Restaurant
"Surf Bar & Grill, The",369 Balm Beach Road West Tiny ON L0L 2J0,Tiny,Restaurant
Sushi by the Water,2194 Muskoka Road 169 Gravenhurst ON P1P 1R2,Gravenhurst,Restaurant
"Sushi Chef, The",3-4171 Innisfil Beach Road Thornton ON L0L 2N0,Thornton,Restaurant
Sushi Hon,70 Hurontario St Collingwood ON L9Y 2L6,Collingwood,Restaurant
Sushi Wadasi,66 Mississaga St S Orillia ON L3V 1V5,Orillia,Restaurant
Swiss Chalet,390 Memorial Ave Orillia ON L3V 6H1,Orillia,Restaurant
Swiss Chalet,150 Highway 118 W Bracebridge ON P1L 1T4,Bracebridge,Restaurant
Swiss Chalet,36 Young St Alliston ON L9R 1P8,Alliston,Restaurant
Swiss Chalet,333 Main St Wasaga Beach ON L9Z 0B6,Wasaga Beach,Restaurant
Swiss Chalet,440 First St Collingwood ON L9Y 1B6,Collingwood,Restaurant
Swiss Chalet,489 Holland Street W Bradford ON L3Z 0C1,Bradford,Restaurant
Swiss Chalet,397 Bayfield St Barrie ON L4M 3C5,Barrie,Restaurant
Swiss Chalet,85 Barrie View Dr Barrie ON L4N 8V4,Barrie,Restaurant
Symposium Cafe,A15-117 Young Street Alliston ON L9R 0R9,Alliston,Restaurant
Symposium Cafe,307 Cundles Rd E Barrie ON L4M 0G9,Barrie,Restaurant
Table For 2,49 Victoria St W Alliston ON L9R 1J3,Alliston,Restaurant
Taboo Golf-Food Truck,1209 Muskoka Beach Rd Gravenhurst ON P1P 1R1,Gravenhurst,Restaurant
Taboo Resort - Boathouse,1209 Muskoka Beach Road Gravenhurst ON P1P 1R1,Gravenhurst,Restaurant
Taboo Resort - Golf Clubhouse,1209 Muskoka Beach Road Gravenhurst ON P1P 1R1,Gravenhurst,Restaurant
Taco Bell,705 University Ave Orillia ON L3V 6H2,Orillia,Restaurant
Tailwinds Bar and Grill,3449 Airport Road Ramara ON L3V 0K6,Ramara,Restaurant
Taj Bistro,101-140 Dunlop Street E Barrie ON L4M 6H9,Barrie,Restaurant
Taj Grace Of India,357 Mill St Angus ON L0M 1B4,Angus,Restaurant
Tall Trees Restaurant,87 Main Street W Huntsville ON P1H 1X1,Huntsville,Restaurant
Tally Ho Inn,2222 Highway 60 Huntsville ON P1H 2J6,Lake of Bays,Restaurant
Tammie's Place,83 Mississaga St W Orillia ON L3V 3A9,Orillia,Restaurant
Tandoori Flavour Authentic Indian Cuisine,5A-157 Bayfield St Barrie ON L4M 3B4,Barrie,Restaurant
Tandoori Kingdom,428 Blake Street Barrie ON L4M 1L3,Barrie,Restaurant
Tandoori Tonight,36 Anne Street North Barrie ON L4N 2B6,Barrie,Restaurant
Tangle Creek Golf & Country Club,4730 25th Sideroad Essa ON L0L 2N0,Essa,Restaurant
Tang's Kitchen,14 Balsam St Collingwood ON L9Y 4H7,Collingwood,Restaurant
Taps Pizza & Wings,9281-Beachwood Road Collingwood ON L9Y 0X2,Collingwood,Restaurant
Tara Indian Cuisine,128 Dunlop St E Barrie ON L4M 1A4,Barrie,Restaurant
Taste Buds,3041 Highway 141 Bent River ON P0B 1M0,Bent River,Restaurant
Tent Kitchen and Bar,6273 County Road 169 Ramara ON L3V 6H5,Adjala-Tosorontio,Restaurant
Teriyaki Experience,4-89 Park Place Boulevard Barrie ON L4N 6P4,Barrie,Restaurant
Tesoro Restaurant,18 Schoolhouse Lane Collingwood ON L9Y 4H5,Collingwood,Restaurant
Thai Bamboo Restaurant,21-22-61 King St Barrie ON L4N 6B5,Barrie,Restaurant
Thai Plate Restaurant,179 Memorial Ave Orillia ON L3V 5X7,Orillia,Restaurant
That Little Place by the Lights,1-76 Main St E Huntsville ON P1H 2C7,Huntsville,Restaurant
The Backyard BBQ,2 Mill St E Hillsdale ON L0L 1V0,Hillsdale,Restaurant
The Common Stove,27 Mississaga St W Orillia ON L3V 3A5,Orillia,Restaurant
The Golf Club,107-100 Pretty River Pkwy Collingwood ON L9Y 5A4,Collingwood,Restaurant
The Huron Club,94 Pine St Collingwood ON L9Y 2N9,Collingwood,Restaurant
The J Sushi,1070 Innisfil Beach Road Innisfil ON L9S 4T9,Alcona,Restaurant
The Jerk Marshall Jamaican Grill,24B Dunlop Street West Barrie ON L4M 1A2,Barrie,Restaurant
The Keg Steakhouse and Bar,1-110 Concert Way Barrie ON L4N 6N5,Barrie,Restaurant
The Nest Golf Club,3800 Friday Drive Innisfil ON L9S 3E1,Innisfil,Restaurant
The Old Familiar,29 Coldwater Road Coldwater ON L0K 1E0,Coldwater,Restaurant
The Original Pieces Of Olde,28 Queen St W Elmvale ON,Elmvale,Restaurant
The Phelpston Roadhouse,1551 Flos Road 4 west Phelpston ON L0L 2K0,Phelpston,Restaurant
The Pine,203 Hurontario Street Collingwood ON L9Y 2M1,Collingwood,Restaurant
The Tremont Cafe,100 Pine Street Collingwood ON L9Y 2N9,Collingwood,Restaurant
Theo's Eatery,214 Memorial Ave Orillia ON L3V 5X6,Orillia,Restaurant
Thera Greek Restaurant,126 Victoria St W Alliston ON L9R 1L7,Alliston,Restaurant
Thesmoke,498 First St Collingwood ON L9Y 1B8,Collingwood,Restaurant
"Thirsty Judge Restaurant, The",99 Manitoba St Bracebridge ON P1L 2B3,Bracebridge,Restaurant
Thornton Cafe & Ice Cream,236 Barrie St Thornton ON L0L 2N0,Thornton,Restaurant
Tian Ya BBQ,54 Maple Ave Barrie ON L4N 1R8,Barrie,Restaurant
Tiffany Restaurant,26 Coldwater Rd Coldwater ON L0K 1E0,Coldwater,Restaurant
Tiff's Bar & Restaurant,1-29 Anne St S Barrie ON L4N 2C5,Barrie,Restaurant
Tikka Fusion,E&F-505 Bryne Dr Barrie ON L4N 9P7,Barrie,Restaurant
Tim Hortons,2098 Commerce Park Dr Innisfil ON L9S 4A3,Innisfil,Restaurant
Tim Hortons,45B-509 Bayfield St Barrie ON L4M 4Z8,Barrie,Restaurant
Tim Hortons,3 Dunham Drive Alliston ON L9R 0G1,Alliston,Restaurant
Tim Hortons,181 Livingstone St E Barrie ON L4M 6Z4,Barrie,Restaurant
Tim Hortons,5 Patterson Street North Beeton ON L0G 1A0,Beeton,Restaurant
Tim Hortons,440 Holland Street W Bradford ON L3Z 2B4,Bradford,Restaurant
Tim Hortons,441 Bayview Dr Barrie ON L4N 8Y2,Barrie,Restaurant
Tim Hortons,9225 County Road 93 Midland ON L4R 4K4,Midland,Restaurant
Tim Hortons,44 Highway 60 Huntsville ON P1H 1C2,Huntsville,Restaurant
Tim Hortons,1271 Mosley St Wasaga Beach ON L9Z 2Y7,Wasaga Beach,Restaurant
Tim Hortons,543 Holland Street W Bradford ON L3Z 2B4,Bradford,Restaurant
Tim Hortons,830 King Street Midland ON L4R 0B8,Midland,Restaurant
Tim Hortons,1-295 Wellington St Bracebridge ON P1L 1P3,Bracebridge,Restaurant
Tim Hortons,132 Main Street Penetanguishene ON L9M 1M3,Penetanguishene,Restaurant
Tim Hortons,1150 Hanes Road Huntsville ON P1H 2K8,Huntsville,Restaurant
Tim Hortons,2 Quarry Ridge Rd Barrie ON L4M 7G1,Barrie,Restaurant
Tim Hortons,68 Yonge Street S Elmvale ON L0L 1P0,Elmvale,Restaurant
Tim Hortons,1 Capstone Lane Huntsville ON P1H 0A2,Huntsville,Restaurant
Tim Hortons,35 Lone Pine Road Port Severn ON L0K 1S0,Port Severn,Restaurant
Tim Hortons,2329 Highway 11 S Gravenhurst ON P1P 1R1,Gravenhurst,Restaurant
Tim Hortons,940 Innisfil Beach Rd Alcona ON L9S 2C2,Alcona,Restaurant
Tim Hortons,1-1900 Mosley St Wasaga Beach ON L9Z 1Z3,Wasaga Beach,Restaurant
Tim Hortons,3 Sarjeant Drive Barrie ON L4N 4V9,Barrie,Restaurant
Tim Hortons,298 Memorial Ave Orillia ON L3V 5X6,Orillia,Restaurant
Tim Hortons,353 Duckworth St Barrie ON L4M 5C2,Barrie,Restaurant
Tim Hortons,2234 Highway 12 Brechin ON L0K 1B0,Brechin,Restaurant
Tim Hortons,1 Roth St Angus ON L0M 1B0,Angus,Restaurant
Tim Hortons,8919 Highway 11 N Orillia ON L3V 6H3,Orillia,Restaurant
Tim Hortons,16815 Highway 12 Midland ON L4R 4K4,Midland,Restaurant
Tim Hortons,201 Main St E Stayner ON L0M 1S0,Stayner,Restaurant
Tim Hortons,25 Colborne St E Orillia ON L3V 1T4,Orillia,Restaurant
Tim Hortons,350 Yonge St Barrie ON L4N 4C8,Barrie,Restaurant
Tim Hortons,501 Hume St Collingwood ON L9Y 4H8,Collingwood,Restaurant
Tim Hortons,109 Mapleview Dr W Barrie ON L4N 9H7,Barrie,Restaurant
Tim Hortons,115 Hurontario St Collingwood ON L9Y 4T4,Collingwood,Restaurant
Tim Hortons,265 Atherley Road Orillia ON L3V 1N7,Orillia,Restaurant
Tim Hortons,4 Fairview Rd Barrie ON L4N 4P3,Barrie,Restaurant
Tim Hortons,8010 Yonge St Stroud ON L9S 1L5,Stroud,Restaurant
Tim Hortons,2 Bruce Wilson Rd Port Carling ON P0B 1J0,Port Carling,Restaurant
Tim Hortons,175 Westmount Dr N Orillia ON L3V 7T7,Orillia,Restaurant
Tim Hortons,150 Talisman Dr Gravenhurst ON P1P 1K8,Gravenhurst,Restaurant
Tim Hortons,475 Bay Street Midland ON L4R 1L1,Midland,Restaurant
Tim Hortons,75 Barrie View Dr Barrie ON L4N 8V4,Barrie,Restaurant
Tim Hortons,3295 Monarch Dr Orillia ON L3V 7Z4,Orillia,Restaurant
Tim Hortons,9 Depot Dr Bracebridge ON P1L 0A1,Bracebridge,Restaurant
Tim Hortons,B21-3311 County Road 89 Cookstown ON L0L 1L0,Cookstown,Restaurant
Tim Hortons,7618 Poplar Sideroad Collingwood ON L9Y 3Z1,Collingwood,Restaurant
Tim Hortons,C3-563 Essa Rd Barrie ON L4N 6A9,Barrie,Restaurant
Tim Hortons,118 Holland Street E Bradford ON L3Z 2B4,Bradford,Restaurant
Tim Hortons,405 Huronia Road Barrie ON L4N 8Z1,Barrie,Restaurant
Tim Hortons,5 Fallowfield Lane Waubashene ON L0K 2C0,Waubaushene,Restaurant
Tim Hortons,A-157 Young St Alliston ON L9R 2A9,Alliston,Restaurant
Tim Hortons,533 Bayfield St Barrie ON L4M 4Z9,Barrie,Restaurant
Tim Hortons,375 Mapleview Dr W Barrie ON L4N 9G4,Barrie,Restaurant
Tim Hortons,281 First St Collingwood ON L9Y 1B2,Collingwood,Restaurant
Tim Hortons,48 Queen Street West Cookstown ON L0L 1L0,Cookstown,Restaurant
Tim Hortons,354 Bayfield St Barrie ON L4M 3C4,Barrie,Restaurant
Tim Hortons,226 Essa Rd Barrie ON L4N 9C5,Barrie,Restaurant
Tim Hortons,4191 Innisfil Beach Rd Thornton ON L0L 2N0,Thornton,Restaurant
Tim Hortons,420 West St N Orillia ON L3V 5E8,Orillia,Restaurant
Tim Hortons,130 Queen St N Tottenham ON L0G 1W0,Tottenham,Restaurant
Tim Hortons,201 Cundles Rd E Barrie ON L4M 4S5,Barrie,Restaurant
Tim Hortons,59 King William St Huntsville ON P1H 1E5,Huntsville,Restaurant
Tim Hortons,297 Dunlop Street W Barrie ON L4N 1C1,Barrie,Restaurant
Tim Hortons,720 River Rd W Wasaga Beach ON L9Z 0B6,Wasaga Beach,Restaurant
Tim Hortons,185 Bridge Street Bradford ON L3Z 2B4,Bradford,Restaurant
Timo Italian Grille,11 Mill St E Tottenham ON L0G 1W0,Tottenham,Restaurant
Toast Home Style,24 Queen Street Cookstown ON L0L 1L0,Cookstown,Restaurant
Top of the Cove Restaurant,375 South Bay Road Port Severn ON L0K 1S0,Port Severn,Restaurant
Top Wok,1-490 Mapleview Dr W Barrie ON L4N 6C3,Barrie,Restaurant
Touchstone Grill,1869 Muskoka District Road 118 West Bracebridge ON P1L 1W8,Bracebridge,Restaurant
Town & Country Steakhouse,76 Dunlop Street W Barrie ON L4N 1A6,Barrie,Restaurant
Trail Walk Cafe (RCL Kitchen),215 Mississaga Street E Orillia ON L3V 1W2,Orillia,Restaurant
Tre Sorelle,133 Mississaga Street E Orillia ON L3V 1V6,Orillia,Restaurant
Treetops Playground & Kids Salon,3 Progress Dr Orillia ON L3V 0T7,Orillia,Restaurant
Trehaven Golf & Country Club,135 Line 10 S Hawkestone ON L0L 1T0,Hawkestone,Restaurant
Trillium Resort & Spa,848 Clearwater Lake Road Port Sydney ON P0B 1L0,Port Sydney,Restaurant
Tulo's Taqueria,2 James Bartleman Way Port Carling ON P0B 1J0,Port Carling,Restaurant
Turtle Jack's Muskoka Grill,123 Medora St Port Carling ON P0B 1J0,Port Carling,Restaurant
Twisted Indian Wraps,3-685 University Ave Orillia ON L3V 6H2,Orillia,Restaurant
Twisted Indian Wraps,7-90 Park Pl Boulevard Barrie ON L4N 6P8,Barrie,Restaurant
Tymes Restaurant,845 King St Midland ON L4R 4V9,Midland,Restaurant
Ultimate Food truck,8-3280 Monarch Dr Orillia ON L3V 8A2,Orillia,Restaurant
Uncle J Restaurant,3-136 Holland Street East Bradford ON L3Z 2B3,Bradford,Restaurant
Uncle Jimmy's,9225 County Rd 93 Midland ON L4R 4K4,Midland,Restaurant
Uncle Ming's Chinese Restaurant,596 River Rd W Wasaga Beach ON L9Z 2P1,Wasaga Beach,Restaurant
Uncle Roy's,289 King Street Midland ON L4R 3N5,Midland,Restaurant
Unity Market Cafe & Studios,25 Toronto Street Barrie ON L4N 1T8,Barrie,Restaurant
Urban Dish Grill & Wine Bar,367 Yonge St Barrie ON L4N 4C9,Barrie,Restaurant
Uttara-Khand India,B-16 Holland Street West Bradford ON L3Z 2B2,Bradford,Restaurant
Valiant's,B-114 Dunlop St E Barrie ON L4M 1A4,Barrie,Restaurant
Vespra Hills Golf Club,2694 Wilson Dr Minesing ON L0L 1Y3,Minesing,Restaurant
Vidya's Veggie Gourmet,238 Barrie St Thornton ON L0L 2N0,Thornton,Restaurant
Village Inn Hotel,2 Holland Street E Bradford ON L3Z 2A9,Bradford,Restaurant
"Village Mercantile, The",154 William St Victoria Harbour ON L0K 2A0,Victoria Harbour,Restaurant
Village Pizza Restaurant & Baja Luna Lounge,60 Queen Street S Tottenham ON L0G 1W0,Tottenham,Restaurant
Vivo Pizza & Pasta,4-444 Holland Street West Bradford ON L3Z 0G1,Bradford,Restaurant
Wabora,17-295 Wellington Street Bracebridge ON P1L 1P3,Bracebridge,Restaurant
Wasaga's Curry & Cocktail,10-1470 Mosley Street Wasaga Beach ON L9Z 2C2,Wasaga Beach,Restaurant
Waubaushene Truck Stop,21 Quarry Road Waubaushene ON L0K 2C0,Waubaushene,Restaurant
"Waubic, The",27 SR 406 Severn River Coldwater L0K 1E0,Honey Harbour,Restaurant
Waverley Service Center,6555 Highway 93 E Wyebridge ON L0K 2E0,Tay,Restaurant
Waypoint Centre for Mental Health Care - The Bay Café,500 Church Street Penetanguishene ON L9M 1G3,Penetanguishene,Restaurant
Webers,8825 Highway 11 N Severn ON L3V 6H3,Severn,Restaurant
Websters Beacon,25888 Highway 35 Dwight ON P0A 1H0,Dwight,Restaurant
"Well, The",81 Victoria St W Alliston ON L9R 1V5,Alliston,Restaurant
Wendy B's Fine Foods,336 Lafontaine Road W Tiny ON L9M 0H1,Tiny,Restaurant
Wendy's,450 Bryne Dr Barrie ON L4N 9R1,Barrie,Restaurant
Wendy's,32 Bridge St Bradford ON L3Z 3H2,Bradford,Restaurant
Wendy's,411 Dunlop St W Barrie ON L4N 1C3,Barrie,Restaurant
Wendy's,6 Fairview Road Barrie ON L4N 4P3,Barrie,Restaurant
Wendy's,628 Yonge St Barrie ON L4N 4E6,Barrie,Restaurant
Wendy's,393 Bayfield St Barrie ON L4M 3C5,Barrie,Restaurant
Wendy's,533 First St Collingwood ON L9Y 4M3,Collingwood,Restaurant
Wendy's,157 Young St Alliston ON L9R 2A9,Alliston,Restaurant
Wendy's,408 Centre St N Huntsville ON P1H 2P9,Huntsville,Restaurant
Wendy's,545 Memorial Ave Orillia ON L3V 6H1,Orillia,Restaurant
West River Cookhouse,6-627 River Rd W Wasaga Beach ON L9Z 2P1,Wasaga Beach,Restaurant
Westside Fish & Chips,126 Main St W Huntsville ON P1H 1W5,Huntsville,Restaurant
"Whistle Stop Restaurant, The",7 Main Street W Beeton ON L0G 1A0,Beeton,Restaurant
Wickies Pub and Restaurant,10-274 Burton Avenue Barrie ON L4N 5W4,Barrie,Restaurant
Wild Wing,8-490 Mapleview Dr W Barrie ON L4N 6C3,Barrie,Restaurant
Wild Wing,6-7 Commerce Rd Angus ON L0M 1B2,Angus,Restaurant
Wild Wing,2230 Highway 12 Brechin ON L0K 1B0,Brechin,Restaurant
Wild Wing,12-237 Mapleview Dr E Barrie ON L4N 0W5,Barrie,Restaurant
Wild Wing,2-1070 Innisfil Beach Rd Alcona ON L9S 4T9,Alcona,Restaurant
Wild Wing,1-351 Talisman Dr Gravenhurst ON P1P 0A7,Gravenhurst,Restaurant
Wild Wing,1-2 815 King St Midland ON L4R 0B7,Midland,Restaurant
Wild Wing,3-660 Atherley Rd Orillia ON L3V 1P2,Orillia,Restaurant
Wild Wing,6-96 Victoria Street W Alliston ON L9R 1S6,Alliston,Restaurant
Wild Wing,2-321 Main St Wasaga Beach ON L9Z 0B6,Wasaga Beach,Restaurant
William's,26 Victoria St E Alliston ON L9R 1T4,Alliston,Restaurant
William's Fresh Cafe,501 Bryne Dr Barrie ON L4N 9P7,Barrie,Restaurant
Wimpy's Diner,15 King William St Huntsville ON P1H 1G5,Huntsville,Restaurant
Wimpy's Diner,234 Victoria St E Alliston ON L9R 1K4,Alliston,Restaurant
Wimpy's Diner,4-685 University Ave Orillia ON L3V 6H2,Orillia,Restaurant
Wimpy's Diner,15-305 Barrie Street Bradford ON L3Z 2B2,Bradford,Restaurant
Wimpy's Diner,441 Dunlop St W Barrie ON L4N 1C3,Barrie,Restaurant
Wimpy's Diner,347 Bayfield St Barrie ON L4M 3C3,Barrie,Restaurant
Wimpy's Diner,279 Yonge Street Barrie ON L4N 7T9,Barrie,Restaurant
Wimpy's Diner,B-294 Memorial Avenue Orillia ON L3V 5X9,Orillia,Restaurant
Windermere Golf & Country Club,1012 Golf Ave Windermere ON P0B 1P0,Windermere,Restaurant
Windermere House,2508 Windermere Rd Windermere ON P0B 1P0,Windermere,Restaurant
Windermere Pub &,2508 Windermere Rd Windermere ON P0B 1P0,Windermere,Restaurant
Windmill Bakery Bistro,"99 Hanes Rd Huntsville, Ont P1H 1N4",Huntsville,Restaurant
Windy's Dockside,2526 Windermere Rd Windermere ON P0B 1P0,Windermere,Restaurant
Wing House,358 Eighth Street Midland ON L4R 4B5,Midland,Restaurant
Wing House,32 Main Street Penetanguishene ON L9M 1T2,Penetanguishene,Restaurant
Wing House,6048 Highway 9 Schomberg ON L0G 1T0,Schomberg,Restaurant
Wing Zone,64 Holland St W Bradford ON L3Z 1R8,Bradford,Restaurant
Wok Box Fresh Asian Kitchen,2-103 Mapleview Dr West Barrie ON L4N 9H7,Barrie,Restaurant
Woodington Lake Golf Club,7110 4th Line Tottenham ON L0G 1W0,Tottenham,Restaurant
Woodland Beach Halibut Fish & Chips,1995 Tiny Beaches Road South Tiny ON L0L 1P0,Tiny,Restaurant
Woodland Beach Market,1995 Tiny Beaches Rd S Tiny ON,Tiny,Restaurant
"Works Gourmet Burger Bistro, The",137 Dunlop St E Barrie ON L4M 1A6,Barrie,Restaurant
World Famous Dock Lunch,4 Main Street Penetanguishene ON L9M 1T1,Penetanguishene,Restaurant
Yammas Grill,1-1288 Mosley St Wasaga Beach ON L9Z 2C9,Wasaga Beach,Restaurant
Yang's Chinese Restaurant,K-420 Leacock Dr Barrie ON L4N 5G5,Barrie,Restaurant
York & Mason,105 Maple St Port Carling ON P0B 1J0,Port Carling,Restaurant
Young Chow Garden Restaurant,918 Innisfil Beach Road Alcona ON L9S 2C2,Alcona,Restaurant
Yuki Sushi,16 Paris Street Alliston ON L9R 1J2,Alliston,Restaurant
"Yummy House Chinese Restaurant, The",898 Innisfil Beach Road Innisfil ON L9S 2C2,Alcona,Restaurant
Zachary's Restaurant,1066 Main Street Dorset ON P0A 1E0,Dorset,Restaurant
Zio's,8B-110 Anne St S Barrie ON L4N 2E3,Barrie,Restaurant