name,address,unit,group,ID
Admiral Submarine,55 Dalhousie St Brantford ON N3T 2J1,brant,treatment,743
Beijing Restaurant,435 St. Paul Ave. Brantford ON N3R 4N8,brant,treatment,403
Coffee Culture Cafe and Eatery,75 Dalhousie St Brantford ON N3T 2J1,brant,treatment,418
Devlin's Country Bistro and Catering,704 Mt. Pleasant Rd Mt. Pleasant ON N0E 1K0,brant,treatment,931
Gillies,207 Erie Ave Brantford ON N3S 2H1,brant,treatment,906
Grand Bayou Cajun Restaurant,27 Dumfries St. Paris ON N3L 2C9,brant,treatment,310
Jade's of Paris,21 Grand River St. N. Paris ON N3L 2L9,brant,treatment,730
Jaz 128 Tea Hut,128 Dalhousie St Brantford ON N3T 2J3,brant,treatment,1012
Juniper Dining Co.,4-3 Elm St Paris ON N3L 2L6,brant,treatment,520
Legend's Tap House & Grill,17-1084 Rest Acres Rd Brant ON N3L 4G7,brant,treatment,696
Maria's Pizza Pasta and Pastry,242 Colborne St W. Brantford ON N3T 1L9,brant,treatment,849
Mr. Submarine,410 Fairview Dr Brantford ON N3R 2X8,brant,treatment,61
Palace Submarine,308 Colborne St Brantford ON N3S 3N1,brant,treatment,904
Paris Pub,44 Grand River St N. Paris ON N3L 2M2,brant,treatment,13
Paris Surf,24 Mechanic St Brant ON N3L 1J9,brant,treatment,421
Pita Pit,185 King George Rd Brantford ON N3R 7R9,brant,treatment,848
Pizzaville,10-320 Colborne St W Brantford ON N3T 1M2,brant,treatment,277
Red Lobster,67 King George Rd Brantford ON N3R 5K2,brant,treatment,12
Sammy's Rec Room,10 Mt. Pleasant St. Brantford ON N3T 1S5,brant,treatment,917
"Sip ""N"" Dine",18 Market Street Brantford ON N3T 2Z4,brant,treatment,392
Speekezzies Cafe & Wine Bar,415D Fairview Dr Brantford ON N3R 7M3,brant,treatment,338
Starbucks Coffee,"72 Dundas Street, East Paris ON",brant,treatment,1009
Subway - Lynden Rd.,61 Lynden Rd Brantford ON N3R 7J9,brant,treatment,460
Sunset Grill,Unit C#2-50 Market St S Brantford ON N3S 2E3,brant,treatment,18
The Everest Grill,781 Colborne St E. Brantford ON N3S 3S3,brant,treatment,677
The Works,80 Dalhousie St Brantford ON N3T 2J2,brant,treatment,20
Tim Hortons,265 King George Rd. Brantford ON N3R 6Y1,brant,treatment,636
Tim Hortons,200 Terrace Hill St Brantford ON N3R 1G9,brant,treatment,26
Tim Horton's,648 Colborne Street Brantford ON N3S 3P8,brant,treatment,107
Tim Horton's,1084 Rest Acres Rd Paris ON N3L 3K7,brant,treatment,46
Viet Thai Basil Restaurant,63-67D Brant Avenue Brantford ON N3T 3G7,brant,treatment,70
Zaaika Indian Cuisine,46 Dalhousie Street Brantford ON N3T 2H8,brant,treatment,814
Alice & Terry's Food Shack,202 Jenkins Rd Scotland Ontario N0E 1R0,brant,treatment,826
Asian Court,300 Grand River Street Paris ON N3L 3R7,brant,treatment,545
Earl Haig Fun Park,101 Market St. S. Brantford ON N3T 6A9,brant,treatment,822
Gigi's Pizzeria,68 Colborne St. W. Brantford ON N3T 1K5,brant,treatment,897
Golden Grounds,154 Dalhousie Street Brantford ON,brant,treatment,737
Jimmy The Greek- (LPM-Food Court),E-17-84 Lynden Rd Brantford ON N3R 6B8,brant,treatment,334
Pace's Take-Out & Catering,"432 Elgin Street, Unit #1 Brantford ON N3S 7P7",brant,treatment,739
Pizza Roma,84 Charing Cross St Brantford ON N3R 2H6,brant,treatment,832
Seventh Coffee Company,2-111 Sherwood Drive Brantford ON,brant,treatment,1
Strodes BBQ & Deli,4-403 Fairview Dr. Brantford ON N3R 2X8,brant,treatment,561
Tito's Pizza,7 Market St. Paris ON N3L 3A3,brant,treatment,219
Twice The Deal Pizza,1-230 Shellard Lane Brantford ON N3T 5L5,brant,treatment,367
3 Asians Express,1-1475 Aerowood Dr Mississauga ON L4W 1C2,peel,treatment,308
5 Noodles,106-165 Dundas St W Mississauga ON L5B 2N6,peel,treatment,279
A&W,4-733 Central Pky W Mississauga ON L5B 4L1,peel,treatment,195
A&W,5880 Mavis Rd Mississauga ON L5V 3B7,peel,treatment,949
Acer - Terminal 3,AT3 L2-6301 Silver Dart Dr Mississauga ON L5P 1B2,peel,treatment,736
Adobo Fresh Burrito,18-55 Mountainash Rd Brampton ON L6R 1W4,peel,treatment,719
Airport Pizza,15388 Airport Rd Caledon ON L7C 1E6,peel,treatment,448
Al - Omda,33-34-3100 Ridgeway Dr Mississauga ON L5L 5M5,peel,treatment,903
Al Fawal,6-2273 Dundas Street West Mississauga ON L5K 2L8,peel,treatment,405
Amaya Express,1-7956 Torbram Rd Brampton ON L6T 5A2,peel,treatment,375
Amritsari Dhaba,168 Kennedy Rd. South Brampton ON L6W 3G6,peel,treatment,138
Ann's Grove Restaurant,170 Wilkinson Rd Brampton ON L6T 4Z4,peel,treatment,440
Anokhi,1 & 2A-200 County Court Blvd Brampton ON L6W 4K7,peel,treatment,554
Archtop Cafe & Music,109 Lakeshore Rd E Mississauga ON L5G 1E2,peel,treatment,36
Aristotle's Steak & Seafood House,2-6905 Millcreek Dr Mississauga ON L5N 6A3,peel,treatment,644
Astoria Shish Kebob House,1-1970 Dundas St E Mississauga ON L4X 2W7,peel,treatment,510
Aunty's Kitchen,5-6039 Erin Mills Pkwy Mississauga ON L5N 0G5,peel,treatment,496
Avani Asian Indian Bistro,1-3-801 Matheson Blvd W Mississauga ON L5V 2N6,peel,treatment,1002
Baker's Jerk House,D1-40 Rivermount Rd Brampton L6Y G67 ON,peel,treatment,672
Bamiyan Kabob,8-5120 Dixie Rd Mississauga ON L4W 4K2,peel,treatment,383
Bar Be Q Tonite,35 Dundas St W Mississauga ON,peel,treatment,411
Bar Burrito,14A-40 Bristol Rd E Mississauga ON L4Z 3K8,peel,treatment,407
BarBurrito,7-334 Queen St S Bolton ON L7E 4Z8,peel,treatment,136
Barburrito,17B-660 Eglinton Ave W Mississauga ON L5R 3V2,peel,treatment,3
Bayview Garden Restaurant,32-1675 The Chase Mississauga ON L5M 5A7,peel,treatment,871
Bean & Pearl Coffee and Juice Bar,C1-10625 Creditview Rd Brampton ON,peel,treatment,458
Bell Mobility Centre - Tim Hortons # 23078/Subway,5115 Creekbank Rd Mississauga ON L4W 5R1,peel,treatment,58
Bell Mobility Ctre - Guacamole Grille/Yogen Fruz/Feta & Olives,A-5025 Creekbank Rd Mississauga ON L4W 0B6,peel,treatment,1033
Bingo Country,150-190 Bovaird Dr W Brampton ON L7A 1A2,peel,treatment,894
Blue Suede Sue's,141-75 Watline Ave Mississauga ON L4Z 3E5,peel,treatment,78
Bolton Jack's Pub & Restaurant,13-12612 Hwy 50 Caledon ON L7E 1J6,peel,treatment,563
Booster Juice,D5-5083 Dixie Rd Mississauga ON L4W 5K1,peel,treatment,571
Booster Juice,17-801 Matheson Blvd W Mississauga ON L5V 2N6,peel,treatment,24
Brar Sweets & Restaurant,199 Advance Blvd Brampton ON L6T 4N2,peel,treatment,472
Brar's Trinity,126-140 Great Lakes Dr Brampton ON L6R 2K7,peel,treatment,197
Bubble Republic Tea House,24-4040 Creditview Rd Mississauga ON L5C 3Y8,peel,treatment,287
Bulldog Nutrition,2C-543 Steeles Ave Brampton ON L6W 4S2,peel,treatment,640
Burger King,6465 Mississauga Rd Mississauga ON L5N 1A6,peel,treatment,186
Burger King,6010 Dixie Rd Mississauga ON L5T 1A6,peel,treatment,371
Burger Legend,236 Queen St S Mississauga ON L5M 1L5,peel,treatment,607
Calabash Caribbean Cuisine,108-2155 Leanne Blvd Mississauga ON L5K 2K8,peel,treatment,275
California Sandwiches,5950 Dixie Rd Mississauga ON L4W 1E9,peel,treatment,621
Cappuccino Bakery,2-28 Queen St. N Bolton L7E 1B9,peel,treatment,667
"Captain's Boil, The",3A-720 Burnhamthorpe Rd W Mississauga ON L5C 3X3,peel,treatment,321
Caribbean Oasis,105-7125 Goreway Dr Mississauga ON L4T 4H3,peel,treatment,930
Caven's Alley Bar,585 Lakeshore Rd E Mississauga ON L5G 1H9,peel,treatment,144
Champions Offside Sports Bar,13-15-25 Queen St N Mississauga ON L5N 1A3,peel,treatment,834
Chapli Kabob,6-40 Dundas St W Mississauga ON L5B 1H4,peel,treatment,113
Chef Sanjeev Kapoor's Khazana,9121 Airport Rd Brampton ON L6S 0B8,peel,treatment,1010
Chicken Ball Restaurant,11A-700 Balmoral Dr Brampton ON L6T 1X2,peel,treatment,7
Chicken N Tings Caribbean Cuisine Inc,A & B-4025 Brandon Gate Dr Mississauga ON L4T 3Z9,peel,treatment,68
Chilli Chicken House,108A-7700 Hurontario St Brampton ON L6Y 4M3,peel,treatment,853
China China Palace 2,8A-1125 Bloor St Mississauga ON L4Y 2N6,peel,treatment,43
China Palace,20-60 Cottrelle Blvd Brampton ON L6S 0E1,peel,treatment,428
China Palace Restaurant,CRU-K4-80 Courtneypark Dr E Mississauga ON L5T 2Y3,peel,treatment,1063
Chi's Congee and Noodle,66-1177 Central Pky W Mississauga ON L5C 4P3,peel,treatment,914
Chuck's Road House,2 Kennedy Rd S Brampton ON L6W 3E1,peel,treatment,967
Coffee Bean Cafe Family Restaurant,15400 Hurontario St Caledon ON L7C 2C3,peel,treatment,409
Coffee Time,1-15 Allan Dr Caledon ON L7E 2B4,peel,treatment,1060
Cora Breakfast and Lunch,1-M-9045 Airport Rd Brampton ON L6S 0B8,peel,treatment,340
Country Kitchen Roadhouse Restaurant,1-1520 Trinity Dr Mississauga ON L5T 1N9,peel,treatment,581
Country Style Donuts,8155 Torbram Rd Brampton ON L6T 5C5,peel,treatment,761
Crack me up,183A-499 Main St S Brampton ON L6Y 1N7,peel,treatment,9
Cuda's Tap & Grill,2-1107 Lorne Park Rd Mississauga ON L5H 3A1,peel,treatment,675
Dairy Queen,5-1248 Dundas St E Mississauga ON L4Y 2C1,peel,treatment,53
Dalchini Hakka Chinese Cuisine,10 & 11-1098 Peter Robertson Blvd Brampton ON L6R 3A5,peel,treatment,19
Daylight Grill,E8-980 Southdown Rd Mississauga ON L5J 2Y4,peel,treatment,115
Delta Mississauga - Driftwood,3670 Hurontario St Mississauga ON L5B 1P3,peel,treatment,356
"District Kitchen, The",FM09-100 City Centre Dr Mississauga ON,peel,treatment,924
Domino's,8-301 Queen St S Bolton ON L7E 2B2,peel,treatment,799
Don's Caribbean Jerk,17-3078 Mayfield Rd Brampton ON L6Z 0E3,peel,treatment,322
Dspot Dessert Cafe,6-5165 Dixie Rd Mississauga ON L4W 4G1,peel,treatment,64
Eggsmart,2-345 Queen St W Brampton ON L6Y 3A9,peel,treatment,632
Eggsmart,103-5170 Dixie Rd Mississauga ON L4W 1E3,peel,treatment,123
El Sombrero - Fine Mexican Food,6GA-6990 Financial Dr Mississauga ON L5N 8J4,peel,treatment,792
Ellen's Place,8-833 Westlock Rd Mississauga ON L5C 1K7,peel,treatment,997
Elsa Lutong Bahay,65 Rutherford Rd S Brampton ON L6W 3J3,peel,treatment,713
Fat Bastard Burrito,2-30 Eglinton Ave W Mississauga ON L5R 3E7,peel,treatment,101
Fat Bastard Burrito Co.,8B-4141 Dixie Rd Mississauga ON L4W 1V5,peel,treatment,885
Fat Bastard Burritos,9-215 Delta Park Blvd Brampton ON L6G 0H9,peel,treatment,423
Fatteh & Snobar Restaurant,2-4665 Crentral Pkwy E Mississauga ON L4Z 2V5,peel,treatment,28
Firangi By Host,14-2880 Queen St E Brampton ON L6S 6E8,peel,treatment,454
Fired Up! Bar/Wood Grill,1-89 Lakeshore Rd E Mississauga ON L5G 1C9,peel,treatment,175
Five Guys Burgers and Fries,2-2116 Burnhamthorpe Rd W Mississauga ON L5L 5Z5,peel,treatment,751
Five Guys Burgers and Fries,11-1510 Dundas St E Mississauga ON L4X 1L4,peel,treatment,490
Food Fight Barbeque Bar,78-100 Maritime Ontario Blvd Brampton ON L6S 0E7,peel,treatment,313
Fook Hing Restaurant,26-499 Ray Lawson Blvd Brampton ON L6Y 4E6,peel,treatment,17
Fregata Restaurant,201-1900 Dundas St E Mississauga ON L4X 2Z4,peel,treatment,373
Fresh Bite and Meat,3-25 Cherrycrest Dr Brampton ON L6P 3W4,peel,treatment,1019
Friends Restaurant,1-155 Clark Blvd Brampton ON L6T 4G6,peel,treatment,27
Galito's Flame Grilled Chicken,2-6045 Mavis Rd Mississauga ON L5R 4G6,peel,treatment,963
Galito's Flame Grilled Chicken,54-5200 Dixie Rd Mississauga ON,peel,treatment,1016
Gem's House of Jerk,7-20 Gillingham Dr Brampton ON L6X 4X7,peel,treatment,655
Gino's Pizza,160 Main St S Brampton ON L6W 2C9,peel,treatment,493
Gino's Pizza,14-630 Peter Robertson Blvd Brampton ON L6R 1T4,peel,treatment,787
Godavari South Indian Kitchen,3215 Derry Rd E Mississauga ON L4T 1A8,peel,treatment,791
Golden Palace Restaurant,104-9886 Torbram Rd Brampton ON L6S 3L9,peel,treatment,444
Goldenview Chinese Restaurant,4-6675 Falconer Dr Mississauga ON L5N 0C3,peel,treatment,188
Good Egg Dining,102-15 Gateway Blvd Brampton ON L6X 4X2,peel,treatment,499
Goodfellas Wood Oven Pizza,200-50 Burnhamthorpe Rd W Mississauga ON L5B 3C2,peel,treatment,614
Goodfellas Wood Oven Pizza,209 Queen St S Mississauga ON L5M 1X3,peel,treatment,625
GrandBite,10-1525 Bristol Rd W Mississauga ON L5M 4Z1,peel,treatment,974
Hakka Ren,C-2-4555 Hurontario St Mississauga ON L4Z 3M1,peel,treatment,889
Hakkalicious Chinese Cuisine,10671 Chinguacousy Rd Brampton ON L7A 3E9,peel,treatment,978
Handaan Filipino Cuisine,3008 Novar Rd Mississauga ON L5B 1S4,peel,treatment,226
Happy Lamb Hot Pot,17-19-1100 Burnhamthorpe Rd W Mississauga ON L5C 4G4,peel,treatment,377
Hari Krishnan Dosa Paradise,40-7920 Hurontario St Brampton ON L6Y 0C7,peel,treatment,687
Harvey's,1-8257 Financial Drive Brampton Ontario L6Y 1M1,peel,treatment,569
Hero Certified Burgers,7-17 Ray Lawson Blvd Brampton ON L6Y 5L8,peel,treatment,778
Hey Noodles,D5-900 Rathburn Rd Mississauga ON L5C 4L3,peel,treatment,550
Historic Bovaird House,563 Bovaird Dr E Brampton ON L6V 3V6,peel,treatment,253
Holiday Garden & Dodai Sushi,277 Lakeshore Rd E Mississauga ON L5G 1G8,peel,treatment,577
"Host Fine Indian Cuisine, The",101-33 City Centre Dr Mississauga ON L5B 2N5,peel,treatment,106
Hurry Curry / Tacorrito,1200 Steeles Ave Brampton ON L6T 1A1,peel,treatment,48
Husky House - Restaurant,1553 Shawson Dr Mississauga ON L4W 1T7,peel,treatment,543
I Heart Boba,155-6677 Meadowvale Town Centre Cir Mississauga ON L5N 2R5,peel,treatment,23
Ice Q,8-25 Kingsbridge Garden Circle Mississauga ON L5R 3K7,peel,treatment,780
Infinity Indian Cuisine,12101 Airport Rd Caledon ON L7C 2X3,peel,treatment,606
Island Hut,5-8044 Dixie Rd Brampton ON L6T 4W6,peel,treatment,124
Island Palace,12A-1125 Dundas St E Mississauga ON L4Y 2C4,peel,treatment,870
Jade Dim Sum,1 & 2-2280 Dixie Rd Mississauga ON L4Y 1Z4,peel,treatment,1055
Jimmy The Greek Restaurant,738-25 Peel Centre Dr Brampton ON L6T 3R5,peel,treatment,976
Jing Thai Restaurant,1-3-63 Queen St S Mississauga ON L5M 3S9,peel,treatment,954
John Anderson Restaurant,1069 Dundas St W Mississauga ON L5C 1C3,peel,treatment,429
Jollibee,2-713-100 City Centre Dr Mississauga ON L5B 2C9,peel,treatment,114
Joummar Restaurant,1-2575 Dundas St W Mississauga ON L5K 2M6,peel,treatment,455
Juha's Kitchen,101B-2225 Erin Mills Pky Mississauga ON L5K 1T9,peel,treatment,362
Kalypso Hut Family Restaurant,1-1455 Britannia Rd E Mississauga ON L4W 1C7,peel,treatment,445
Katsuya,112-1224 Dundas St W Mississauga ON L5C 4G7,peel,treatment,280
Keenan's Irish Pub,550 Queen St W Brampton ON L6X 3E1,peel,treatment,518
Keshav,8-8975 Mclaughlin Rd Brampton ON L6Y 0Z6,peel,treatment,801
Kravingz,1710 Lakeshore Rd W Mississauga ON L5J 1J5,peel,treatment,504
Kung Pao Wok,734k-25 Peel Centre Dr Brampton ON L6T 3R5,peel,treatment,102
Kusina,G2-3024 Hurontario St Mississauga ON L5B 4M4,peel,treatment,100
Lazeez,A5-200 County Court Brampton ON L6W 4K7,peel,treatment,84
Le Kochi Cuisine,9-10-20 Dewside Dr Brampton ON L6R 3Y3,peel,treatment,74
Lily Thai Cuisine,13-15 Ashby Field Rd Brampton ON L6X 3P7,peel,treatment,506
Lionhead Golf and Country Club - Main Kitchen,8525 Mississauga Rd Brampton ON L6Y 0C1,peel,treatment,348
Little London Cafe,110-20 Polonia Ave Brampton ON L6Y 0K9,peel,treatment,427
Live Cuisine Restaurant/Catering,4141 Living Arts Dr Mississauga ON L5B 4B8,peel,treatment,177
Mackay Pizza & Subs,930 North Park Dr Brampton ON L6S 3Y5,peel,treatment,983
Made in Japan Teriyaki Experience,102-148 West Dr Brampton ON L6T 4P9,peel,treatment,443
Made in Japan Teriyaki Experience,G9-6990 Financial Dr Mississauga ON L5N 8J4,peel,treatment,613
Magadhi,3 & 4-120 Clementine Dr Brampton ON L6Y 0L8,peel,treatment,808
"Maharaja, The",3-4646 Heritage Hills Blvd Mississauga ON L5R 1Y3,peel,treatment,406
Mandarin,3105 Dundas St W Mississauga ON L5L 3R8,peel,treatment,958
Mango Rain Restaurant,1714 Lakeshore Rd W Mississauga ON L5J 1J5,peel,treatment,206
Marathi - Terminal 1,AT1 L2-6301 Silver Dart Dr Mississauga ON L5P 1B2,peel,treatment,742
Mary Brown's,1-2400 Dundas St W Mississauga ON L5K 2R8,peel,treatment,1034
Mary Brown's Famous Chicken & Taters,2B-5067 Dixie Rd Mississauga ON L4W 5S6,peel,treatment,467
Masala Bites,5B-660 Eglinton Ave W Mississauga ON L5R 3V2,peel,treatment,705
Masamune Japanese Restaurant,8-5200 Dixie Rd Mississauga ON L4W 1E4,peel,treatment,148
Masrawy Egyptian Kitchen,1 & 2-2275 Britannia Rd W Mississauga ON L5M 2G6,peel,treatment,353
McDonald's,1050 Dundas St E Mississauga ON L4Y 2B6,peel,treatment,45
McDonald's,5310 Dixie Rd Mississauga ON L4W 1E3,peel,treatment,939
McDonald's,2439 Steeles Ave Brampton ON L6T 5J9,peel,treatment,663
McDonald's,930 Derry Rd E Mississauga ON L5W 1W7,peel,treatment,32
Mcdonald's,3155 Argentia Rd Mississauga ON L5N 8E1,peel,treatment,600
Michael's Back Door Restaurant,3-1715 Lakeshore Rd W Mississauga ON L5J 1J4,peel,treatment,813
Milan Ice Cream & Paan,14-15-3899 Trelawny Cir Mississauga ON L5N 3S3,peel,treatment,605
Minar Fine Indian Cuisine Inc,19-284 Orenda Rd W Brampton ON L6T 5S3,peel,treatment,988
Mississauga Marketplace Fish & Chips and Seafood Restaurant,C-6-4555 Hurontario St Mississauga ON L4Z 3L9,peel,treatment,704
Modka Cafe,16-5225 Orbitor Dr Mississauga ON L4W 4Y8,peel,treatment,888
Momiji Sushi Restaurant,4 & 5 - 1801 Lakeshore Rd W Mississauga ON L5J 1J6,peel,treatment,1049
Monsoon Restaurant & Bar,1-945 Peter Robertson Blvd Brampton ON L6R 2R6,peel,treatment,213
Montana's BBQ and Bar,9075 Airport Rd Brampton ON L6S 0B8,peel,treatment,757
Mr Greek,D2-5083 Dixie Rd Mississauga ON L4W 5K1,peel,treatment,940
Mr Greek Express,128-140 Great Lakes Dr Brampton ON L4R 2K7,peel,treatment,99
Mr Zagros,78-7070 Saint Barbara Blvd Mississauga ON L5W 0E6,peel,treatment,198
Mughal Mahal Restaurant,11-7071 Airport Rd Mississauga ON L4T 4J3,peel,treatment,880
Nayaab Barbeque Delight,2-4-1510 Drew Rd Mississauga ON L5S 1W7,peel,treatment,566
New India Sweets & Tandoori Restaurant,17-1201 Britannia Rd W Mississauga ON L5V 1N2,peel,treatment,276
New Mama Rosa Restaurant,4-589 North Service Rd Mississauga ON L5A 1B2,peel,treatment,898
Ngoc Yen Restaurant,1090 Kamato Rd Mississauga ON L4W 2P3,peel,treatment,446
Nina's Bar & Grill,1-879 Westport Cres Mississauga ON L5T 1E7,peel,treatment,191
Noodle Me,2-720 Bristol Rd W Mississauga ON L5R 4A3,peel,treatment,731
Oliver House - Food Service,18186 Heart Lake Rd Caledon ON L7K 1Z6,peel,treatment,170
Osmow's Grill,3-25 Brisdale Dr Brampton ON L7A 0S9,peel,treatment,235
P & J Hamburgers,943 Lakeshore Rd E Mississauga ON L5E 1E3,peel,treatment,893
P.A.T. Oriental Food Market – Bukchon,315 Dundas St E Mississauga ON L5A 1X1,peel,treatment,842
Palm Palace Family Restaurant and Bar,8-10-50 Kennedy Rd S Brampton ON L6W 3R7,peel,treatment,850
Panda Express,5-5985 Mavis Rd Mississauga ON L5R 3T7,peel,treatment,29
Panda Garden,3A-301 Queen St S Bolton ON L7E 2B2,peel,treatment,387
Peel Village Golf Club,29 Hartford Trail Brampton ON L6W 4K2,peel,treatment,105
Pho Ao Sen,22-3221 Derry Rd W Mississauga ON L5N 7L7,peel,treatment,835
Pho Lang Viet Restaurant,59D-50 Kennedy Rd S Brampton ON L6W 3R7,peel,treatment,608
Pho Mi 289,M6-6550 Meadowvale Town Centre Cir Mississauga ON L5N 2R5,peel,treatment,415
Pho Mi 99,D1-3920 Grand Park Dr Mississauga ON L5B 4M6,peel,treatment,1025
Pho Peter Restaurant,1-65 Kennedy Rd N Brampton ON L6V 1X6,peel,treatment,359
Pita King,10-6435 Dixie Rd Mississauga ON L5T 1X4,peel,treatment,11
Pizza Nova,4-14 Lisa St Brampton ON L6T 4W2,peel,treatment,934
Pizza Pizza,15 Montpelier St Brampton ON L6Y 0C3,peel,treatment,818
Pizza Pizza,10-6550 Meadowvale Town Centre Cir Mississauga ON L5N 2R5,peel,treatment,947
Pizza Pizza,2-74 Quarry Edge Dr Brampton ON L6V 4K2,peel,treatment,800
Pizza Pizza,A007-2690 Erin Centre Blvd Mississauga ON L5M 5P5,peel,treatment,14
Pizza Pizza,1093 Dundas St W Mississauga ON L5C 1C4,peel,treatment,366
Pizza Way Restaurant,6355 Airport Rd Mississauga ON L4V 1E4,peel,treatment,539
Pizzaland Halal,A4-5019 Spectrum Way Mississauga ON L4W 0E3,peel,treatment,41
Plaza Premium Lounge - Transborder US Terminal 1,AT1 L2-6301 Silver Dart Dr Mississauga ON L5P 1B2,peel,treatment,244
Pomodoro Italian Kitchen,3-49 Matheson Blvd E Mississauga ON L4Z 2Y5,peel,treatment,201
Popeye's,A3-180 Sandalwood Pky E Brampton ON L6Z 1Y4,peel,treatment,89
Popeye's Chicken & Biscuits,1 Bartley Bull Pky Brampton ON L6W 2J2,peel,treatment,361
Popeyes Louisiana Kitchen,1-10635 Bramalea Rd Brampton ON L6R 0C1,peel,treatment,55
Popular Pizza,6-7980 Kennedy Rd S Brampton ON,peel,treatment,301
Postcard Restaurant & Bar,5825 Dixie Rd Mississauga ON L4W 4V7,peel,treatment,723
Pump House Grille Co.,40 Lakeshore Rd E Mississauga ON L5G 1C8,peel,treatment,717
Punjabi Haveli Fine Indian Cuisine,1-361 Parkhurst Square Brampton ON L6T 0C2,peel,treatment,498
Punjabi Sizzlers,8-1975 Cottrelle Blvd Brampton ON L6P 3A1,peel,treatment,546
"Queen Gypsy, The",10 Main St S Brampton ON L6W 2C3,peel,treatment,94
Quesada Burritos,4-1560 Dundas St E Mississauga ON,peel,treatment,51
Quesada Burritos and Tacos,H102-60 Resolution Dr Brampton ON L6W 0A3,peel,treatment,208
Quik Chik,16-801 Matheson Blvd W Mississauga ON L5V 2N6,peel,treatment,1006
Quiznos Sub,C11-960 Southdown Rd Mississauga ON L5J 2Y4,peel,treatment,692
Rama Gaming Centre - Kozy Kitchen,2295 Battleford Rd Mississauga ON L5N 2W8,peel,treatment,618
Rashmi's Bakery,9-3611 Mavis Rd Mississauga ON L5C 1T7,peel,treatment,911
Rasna Sweets & Restaurant,1-105 Kennedy Rd S Brampton ON L6W 3G2,peel,treatment,1031
Red Onion Family Restaurant,14010 Hurontario St Caledon ON L7C 2C1,peel,treatment,691
Reggae Fusion Caribbean Restaurant,9-1087 Meyerside Dr Mississauga ON L5T 1M5,peel,treatment,568
revitasize natural juice kitchen,2021 Cliff Rd Mississauga ON L5C 1V3,peel,treatment,462
Richtree Natural Market Restaurants,1-710-100 City Centre Dr Mississauga ON L5B 2C9,peel,treatment,380
Rogues Restaurant,23-1900 Dundas St W Mississauga ON L5K 1P9,peel,treatment,442
Royal India Banquet Inc.,15-17-31 Melanie Dr Brampton ON L6T 5H8,peel,treatment,560
Saaral South Indian Restaurant,no site address,peel,treatment,91
Samaka Mediterranean Seafood,2-5120 Dixie Rd Mississauga ON L4W 4K2,peel,treatment,294
Sansotei Ramen,2-817-100 City Centre Dr Mississauga ON L5B 2C9,peel,treatment,225
Sardarji Bar and Grill,170 Bovaird Dr W Brampton ON L7A 1A1,peel,treatment,796
Second Cup,R4-4100 Living Arts Dr Mississauga ON L5B 0C3,peel,treatment,863
Second Cup,1-5985 Mavis Rd Mississauga ON L5R 3T7,peel,treatment,492
Second Cup,7700 Hurontario St Brampton ON L6Y 4M3,peel,treatment,953
Sector 17,14-4550 Ebenezer Rd Brampton ON L6P 1H4,peel,treatment,685
Shawarma Royale,G102-85 Montpelier St Brampton ON L6Y 0C3,peel,treatment,408
Shawarnado,2-4870 Tomken Rd Mississauga ON L4W 1J8,peel,treatment,642
Shish Mahal Indian Cuisine,3176 Ridgeway Dr Mississauga ON L5L 5R4,peel,treatment,714
Shishalicious,803 Dundas St E Mississauga ON L4Y 2B6,peel,treatment,657
Sizzlo'z,C1-5606 Tenth Line W Mississauga ON L5M 7L9,peel,treatment,912
SkyView Lanes,3 Industrial Rd Caledon ON L7E 5T2,peel,treatment,424
Smart Virtual Kitchens,15-8 Strathearn Ave Brampton ON L6T 4L9,peel,treatment,433
Smoke's Poutinerie,1-85 Resolution Dr Brampton ON L6W 0A6,peel,treatment,365
South Indian Dosa Mahal,15A-2150 Burnhamthorpe Rd W Mississauga ON L5L 3A2,peel,treatment,593
Spice Lounge & Tapas,52 Lakeshore Rd E Mississauga ON L5G 1E1,peel,treatment,59
St Joseph Catholic Secondary School - Jaguar Joes,5555 Creditview Rd Mississauga ON L5V 2B9,peel,treatment,925
St Louis Bar and Grill,2-29 Aventura Crt Mississauga ON L5T 3A1,peel,treatment,559
Standard Sweet Restaurant,11-12-31 Steeplebush Ave Brampton ON L6R 3B4,peel,treatment,777
Starbucks,1-6055 Mavis Rd Mississauga ON L5R 4G6,peel,treatment,71
Starbucks Coffee,242 Queen St S Mississauga ON L5M 1L5,peel,treatment,293
Stratengers,212 Queen St S Caledon ON L7E 4T7,peel,treatment,137
Student Biryani,13-14-1010 Dream Crest Rd Mississauga ON L5V 3A4,peel,treatment,488
Subway,5-15980 Airport Rd Caledon ON L7C 1E8,peel,treatment,110
Subway,B-9005 Torbram Rd Brampton ON L6S 3L2,peel,treatment,831
Subway,6-345 Queen St W Brampton ON L6Y 3A9,peel,treatment,390
Subway,9-4141 Dixie Rd Mississauga ON L4W 1V5,peel,treatment,290
Subway,5A-5019 Spectrum Way Mississauga ON,peel,treatment,564
Subway,A7-3918 Cottrelle Blvd Brampton ON L6P 2R1,peel,treatment,536
Subway,B2-3-8970 Chinguacousy Rd Brampton ON L6Y 5X6,peel,treatment,420
Subway,Unit 8-1585 Mississauga Valley Mississauga ON L5A 3W9,peel,treatment,824
Subway,104-6200 Dixie Rd Mississauga ON L5T 1A6,peel,treatment,941
Summit Garden,108-3015 Winston Churchill Blvd Mississauga ON L5L 2V8,peel,treatment,165
Sunnyside Grill,10-1375 Southdown Rd Mississauga ON L5J 2Z1,peel,treatment,430
Sunrise Caribbean Restaurant,8A-4559 Hurontario St Mississauga ON L4Z 3L9,peel,treatment,522
Sushi Date,M5-18 King St E Caledon ON L7E 1E8,peel,treatment,1020
SushiJun Express,19-1415 Bonhill Rd Mississauga ON L5T 1L3,peel,treatment,228
Swagat Banquet Hall,"3,4-6991 Millcreek Dr Mississauga ON L5N 6B9",peel,treatment,840
Swiss Chalet - Terminal 1,BT1 L2-6301 Silver Dart Dr Mississauga ON L5P 1B2,peel,treatment,339
Swiss Chalet Rotisserie & Grill,2155 Leanne Blvd Mississauga ON L5K 2K8,peel,treatment,242
Swiss Chalet Rotisserie & Grill/Harvey's,B19-10900 Hurontario St Brampton ON L7A 3R9,peel,treatment,116
"Symposium Cafe, The",14-15-3055 Dundas St W Mississauga ON L5L 3R8,peel,treatment,781
Teriyaki Experience,2A-5019 Spectrum Way Mississauga ON L4W 5A1,peel,treatment,943
Texas Longhorn,13-1077 North Service Rd Mississauga ON L4Y 1E1,peel,treatment,471
Thai Express,101A-80 Resolution Dr Brampton ON L6W 0A7,peel,treatment,309
Thai Express,24-10048 McLaughlin Rd N Brampton ON L7A 2X6,peel,treatment,350
Thai Express,D7-5083 Dixie Rd Mississauga ON L4W 0E6,peel,treatment,251
That Italian Place,31-470 Chrysler Dr Brampton ON L6S 0C1,peel,treatment,688
The Clarkson Pump,1-1744 Lakeshore Rd W Mississauga ON L5J 1J5,peel,treatment,881
The Flavours,8-6435 Dixie Rd Mississauga ON L5T 1X4,peel,treatment,788
The Flavours (Seasonal),70 Peel Centre Dr Brampton ON L6T 3R5,peel,treatment,913
The Govnor's Pub,5-10 Bramhurst Ave Brampton ON L6T 5H1,peel,treatment,505
The Halal Guys,6-6045 Mavis Rd Mississauga ON L5R 4G6,peel,treatment,398
The Spot Bar and Lounge,1-9980 Airport Rd Brampton ON L6S 0C5,peel,treatment,762
The Terra Cotta Inn,175 King St Caledon ON L7C 1N6,peel,treatment,711
Tim Hortons,2655 Eglinton Ave W Mississauga ON L5M 7E1,peel,treatment,21
Tim Hortons,4985 Ebenezer Rd Brampton ON L6P 2W6,peel,treatment,431
Tim Hortons,20 Queen St N Caledon ON L7E 1C8,peel,treatment,207
Tim Hortons,7195 Goreway Dr Mississauga ON L4T 2T9,peel,treatment,627
Tim Hortons,156 Sandalwood Pky E Brampton ON L6Z 1Y5,peel,treatment,486
Tim Hortons,7988 Torbram Rd Brampton ON L6T 5A2,peel,treatment,151
Tim Hortons,4595 Tomken Rd Mississauga ON L4W 1J8,peel,treatment,96
Tim Hortons,39 Aventura Crt Mississauga ON L5T 3A1,peel,treatment,845
TIm Hortons,77-499 Main St S Brampton ON L6Y 1N6,peel,treatment,254
Tim Hortons - Central Vehicle Holding Area,2-6340 Silver Dart Dr Mississauga ON,peel,treatment,485
Timothy's World of Coffee,F-129 Lakeshore Rd E Mississauga ON L5G 1E5,peel,treatment,358
Tony & Jims Place,10 Flowertown Ave Brampton ON L6Y 2J9,peel,treatment,108
Turtle Jack's,20 Cottrelle Blvd Brampton ON L6S 0E1,peel,treatment,900
Union Social Eatery,6-6986 Financial Dr Mississauga ON L5N 8J8,peel,treatment,200
University of Toronto Mississauga - Tim Hortons,1867 Inner Cir Mississauga ON L5L 1J8,peel,treatment,794
Villa Caledon Inn,16626 Airport Rd Caledon ON L7C 2W9,peel,treatment,860
Wendy's,70 Biscayne Cres Brampton ON L6W 4S1,peel,treatment,15
Wendy's,885 Britannia Rd W Mississauga ON L5V 2X8,peel,treatment,156
Wendy's,1420 Mid-Way Blvd Mississauga ON L5T 2S4,peel,treatment,40
Wendy's,6449 Erin Mills Pky Mississauga ON L5N 4Y4,peel,treatment,620
Wendy's,8960 Highway 50 Brampton ON L6P 3A3,peel,treatment,461
Wendy's Restaurant,1520 Aimco Blvd Mississauga ON L4W 5K1,peel,treatment,141
Wilcox Gastro Pub,4650 Hurontario St Mississauga ON L5R 3E7,peel,treatment,355
Williams Fresh Cafe,150 Central Park Dr Brampton ON L6T 2V1,peel,treatment,215
Williams Fresh Cafe,2454 Queen St E Brampton ON L6S 5X9,peel,treatment,1042
Wimpy's Diner,B-2257 Royal Windsor Dr. Mississauga ON L5K 1K5,peel,treatment,764
Wings Restaurant,A1-17 Queen St N Mississauga ON L5N 6A1,peel,treatment,689
Wrapini Cucina e Caffe,10-22 Simona Dr Bolton ON L7E 4K1,peel,treatment,964
Zagloba Deli & Restaurant,15-2555 Dixie Rd Mississauga ON L4Y 4C4,peel,treatment,886
2 4 1,1201 Hurontario St Mississauga Ontario L5G 3H2,peel,treatment,67
7 Eleven - Terminal 1,BT1 L1-6301 Silver Dart Dr Mississauga ON L5P 1B2,peel,treatment,815
A&W,12700-Hwy 50 Bolton ON L7E 1L9,peel,treatment,868
Alton Mill Honour Cafe,1402 Queen St W Caledon ON L7K 0C3,peel,treatment,803
Amadios Pizza,6-360 Revus Ave Mississauga ON L5G 4S4,peel,treatment,740
Annalakshmi,3 & 4-10086 Hurontario St Brampton ON L7A 1E5,peel,treatment,491
A-One Catering,"2, 3, 6-7875 Tranmere Dr Mississauga ON L5S 1T8",peel,treatment,884
Baskin Robbins,1-2462 Queen St E Brampton ON L6S 5X9,peel,treatment,631
Baskin Robbins,2-120 Clementine Dr Brampton ON L6Y 0L8,peel,treatment,637
Bergham,11B-5955 Latimer Dr Mississauga ON L5V 0B7,peel,treatment,281
Blondies Port Credit,13 Stavebank Road South Mississauga Ontario L5G 2T3,peel,treatment,662
Booster Juice,113-78 Quarry Edge Dr Brampton ON L6V 4K2,peel,treatment,802
Booster Juice - Presecurity Terminal 1,BT1 L2-6301 Silver Dart Dr Mississauga ON L5P 1B2,peel,treatment,479
Bourbon St. Grill,67-1250 South Service Rd Mississauga ON L5E 1V4,peel,treatment,579
Brampton Roti Shop,83 Kennedy Rd S Brampton ON L6W 3P3,peel,treatment,1023
Burrito Boyz,19 Dundas St E Mississauga ON L5A 1V9,peel,treatment,516
Burrito Boyz,H-6-10545 Bramalea Rd Brampton ON L6R 3P4,peel,treatment,125
Burrito Boyz,A4-6795 Airport Rd Mississauga ON L4V 1E6,peel,treatment,920
C Cafe,300 City Centre Dr Mississauga ON L5B 3C1,peel,treatment,729
Caribbean Fiestaa Restaurant,7-220 Wexford Rd Brampton ON L6Z 4N7,peel,treatment,1024
Caribbean Rush,2545 Hurontario St Mississauga ON L5A 2G4,peel,treatment,599
Chat Hut,5-6-7106 Airport Rd Mississauga ON L4T 2G8,peel,treatment,712
Che Thuy Nga,7-143 Clarence St Brampton ON L6W 1T2,peel,treatment,811
Chef's Table Cafe,5150 Spectrum Way Mississauga ON L4W 5A1,peel,treatment,817
Chicken Master,15-13 Fisherman Dr Brampton ON L7A 2X9,peel,treatment,386
Chicken N' Dough,2-1706 Dundas St E Mississauga ON L4X 1L7,peel,treatment,1062
Chinguacousy Park - Ski Chalet,9050 Bramalea Rd Brampton ON L6Y 2N4,peel,treatment,352
Cineplex Silver City - Food Take Out,50 Great Lakes Brampton ON L6R 2K7,peel,treatment,121
Cinnabon,1-143B-100 City Centre Dr Mississauga ON L5B 2C9,peel,treatment,942
Circle K - Tim Hortons,4885 Mavis Rd Mississauga ON L5R 3W4,peel,treatment,303
Circle K - Tim Hortons,2980 Argentia Rd Mississauga ON L5N 8C5,peel,treatment,131
Circle K- Tim Hortons,632 Burnhamthorpe Rd W Mississauga ON L5B 2C4,peel,treatment,922
Circle K- Tim Hortons,11075 Creditview Rd Brampton ON,peel,treatment,1014
Connections Lounge,2-18 Queen St. E Brampton,peel,treatment,989
Credit Valley Hospital - Second Cup,2200 Eglinton Ave W Mississauga ON L5M 2N1,peel,treatment,37
D Anthony Restaurant Takeout and Catering,137 Inspire Blvd Brampton ON L6R 3X9,peel,treatment,250
Dairy Queen/Orange Julius,5100 Erin Mills Pky Mississauga ON L5M 4Z5,peel,treatment,576
Dairy Queen/Orange Julius,2-102-100 City Centre Dr Mississauga ON L5B 2C9,peel,treatment,872
Daisy's Cafe,101B-71 King St W Mississauga ON L5B 4A2,peel,treatment,341
Domino's,7-2555 Erin Centre Blvd Mississauga ON L5M 5H1,peel,treatment,1054
Dynasty BBQ Restaurant,106-1550 South Gateway Rd Mississauga ON L4W 5G6,peel,treatment,221
Easy Drink Easy Go,2-2500 Hurontario St Mississauga ON L5B 1N4,peel,treatment,992
Esso - Tim Hortons,5980 Hurontario St Mississauga ON L5R 3T6,peel,treatment,437
Esso - Tim Hortons,7280 Dixie Rd Mississauga ON L5S 1B7,peel,treatment,728
Esso on the Run-Tim Hortons,4011 Dixie Rd Mississauga ON L4W 1M3,peel,treatment,589
Fair Grounds Inc,1106 Ogden Ave Mississauga ON L5E 2G6,peel,treatment,827
Falafel Plus,133-1065 Canadian Pl Mississauga ON L4W 0C2,peel,treatment,268
Fresh Burrito Mexican Grill,B-212 Queen St E Brampton ON L6V 1B7,peel,treatment,1035
Fresh Coffee Corner,7A-60 Dundas St E Mississauga ON L5L 1W4,peel,treatment,229
Freshii Bolton,11-12788 Hwy 50 Bolton ON L7R 4G1,peel,treatment,843
Freshly Squeezed,F15-5100 Erin Mills Pky Mississauga ON L5M 4Z5,peel,treatment,750
Gino's Pizza,2A-1550 South Gateway Rd Mississauga ON L4W 5G6,peel,treatment,154
Gino's Pizza,9-10671 Chinguacousy Rd Brampton ON L7A 0N5,peel,treatment,417
Glen Abbey Italian Bakery - Food Take-out,5-3770 B Laird Dr Mississauga ON L5L 0A7,peel,treatment,766
Golden Lake Restaurant,380 Bovaird Dr E Brampton ON L6Z 2S7,peel,treatment,1064
Golden Star,19-55 Mountainash Rd Brampton ON L6R 1W4,peel,treatment,547
Greek 2 Go,2-1125 Dundas St E Mississauga ON L4Y 2C4,peel,treatment,682
Gyro's Place,10B-1350 Matheson Blvd E Mississauga ON L4W 4M1,peel,treatment,410
International Centre - Hall 1 Snack Express,6900 Airport Rd Mississauga ON L4V 1E8,peel,treatment,690
Jimmy The Greek,71-1250 South Service Rd Mississauga ON L5E 1V4,peel,treatment,628
JMAQ BBQ Vietnamese Sandwiches & Bubble Tea,50 Kennedy Rd S Brampton ON L6W 3R7,peel,treatment,285
Juicebox Smoothies,40 Annagem Blvd Mississauga ON L5T 2Y3,peel,treatment,1027
Kung Fu Tea,R102-285 Enfield Place Mississauga ON L5B 3Y6,peel,treatment,190
Las Delicias,59 Dundas St W Mississauga ON L5B 1H7,peel,treatment,1013
Latin Super Chicken,A5-17 Queen St N Mississauga ON L5N 6A1,peel,treatment,65
Laura Secord,2E218-5100 Erin Mills Pkwy Mississauga ON L5M 4Z5,peel,treatment,8
Lazeez Shawarma and Mediterranean Grill,B12-10671 Chinguacousy Rd Brampton ON L7A 0N5,peel,treatment,204
Lazros Greek Grills,4-6700 Montevideo Rd Mississauga ON L5N 1V1,peel,treatment,706
Little Caesars,23-128 Queen St S Mississauga ON L5M 1K8,peel,treatment,789
Little Caesars,2-8285 Financial Drive Brampton Ontario L6Y-1M1,peel,treatment,464
Little Caesars,9-456 Vodden St E Brampton ON L6S 5Y7,peel,treatment,324
Little Caesars Pizza,12-12570 Kennedy Rd Caledon ON L7C 4C4,peel,treatment,450
Lolo Sweet & Event,102A-2225 Erin Mills Pkwy Mississauga ON L5K 1T9,peel,treatment,139
Mac's Sushi,F2-5100 Erin Mills Pky Mississauga ON L5M 4Z5,peel,treatment,414
Maple Leaf Diner - Food Court Terminal 1,BT1-6301 Silver Dart Dr Mississauga ON L5P 1B2,peel,treatment,241
Medi Select Foods,7-15 Allan Dr Caledon ON L7E 2B5,peel,treatment,532
Moga's Pizza,5-2200 Queen St E Brampton ON L6S 4G9,peel,treatment,1037
My Delish Bread,6A-1550 South Gateway Rd Mississauga ON L4W 5G6,peel,treatment,846
Namaskar Food Meat Shop,13-965 Bovaird Dr W Brampton ON L6X 0G3,peel,treatment,90
New Cane Grove,4-3417 Derry Rd E Mississauga ON L4T 4H7,peel,treatment,768
New York Fried Chicken & Burger,2-143 Clarence St Brampton ON L6W 1T2,peel,treatment,670
New York Fries,1-127-100 City Centre Dr Mississauga ON L5B 2C9,peel,treatment,891
On-A-Bun,10-3663 Mavis Rd Mississauga ON L5C 2Z2,peel,treatment,521
Panago Pizza,A406-3030 Thomas St Mississauga ON L5M 0G4,peel,treatment,416
Philthy Phillys,4-114 Lakeshore Rd E Mississauga ON L5G 1E4,peel,treatment,88
Pizza 2Go,1-10725 McLaughlin Rd Brampton ON L7A 3E5,peel,treatment,994
Pizza Depot,1-7171 Goreway Dr Mississauga ON L4T 2T5,peel,treatment,758
Pizza Hut,M5-9045 Airport Rd Brampton ON L6S 0B8,peel,treatment,192
Pizza Hut,B-4B1-925 Rathburn Rd E Mississauga ON L4W 4C3,peel,treatment,534
Pizza Karachi,104-812 Britannia Rd W Mississauga ON L5V 0A6,peel,treatment,227
Pizza Mart,11-10 Squire Ellis Dr Brampton ON L6P 4K6,peel,treatment,1050
Pizza Nova,425 Burnhamthorpe Rd W Mississauga ON L5B 0J5,peel,treatment,582
Pizza Pizza,1-8975 Chinguacousy Rd Brampton ON L6Y 0B7,peel,treatment,463
Pizza Point,5-550 Queen St W Brampton ON L6X 3E1,peel,treatment,765
Pizza Pros,28-145 Clarence St Brampton ON L6W 1T2,peel,treatment,960
Pizza Pros,108-9886 Torbram Rd Brampton ON L6S 3L9,peel,treatment,132
Pizza Wings and More,3421 Fieldgate Dr Mississauga ON L4X 2J4,peel,treatment,684
Pizzanini,18 Main St S Brampton ON L6W 2C3,peel,treatment,935
Pizzano Pizza and Wings,3-1125 Dundas St E Mississauga ON L4Y 2C4,peel,treatment,79
Pizzaville,2889 Derry Rd E Mississauga ON L4T 1A6,peel,treatment,760
Pizzaville,5-375 Howden Blvd Brampton ON L6S 4L6,peel,treatment,570
Polcan Gospoda,23-3105 Winston Churchill Blvd Mississauga ON L5L 5S3,peel,treatment,335
Polcan SKLEP,4-3115 Winston Churchill Blvd Mississauga ON L5L 2W1,peel,treatment,209
Popeye's Louisana Kitchen,440 B-25 Peel Centre Dr Brampton ON L6T 3R5,peel,treatment,330
Popular Pizza,22-8907 The Gore Rd Brampton ON L6P 2L1,peel,treatment,149
Popular Pizza,12-3200 Erin Mills Pky Mississauga ON L5L 1W8,peel,treatment,325
Popular Pizza,3-17 Tannery St Mississauga ON L5M 1V1,peel,treatment,756
Real Fruit Bubble Tea,2-829-100 City Centre Dr Mississauga ON,peel,treatment,650
Rollz Ice Cream,A-2760 North Park Dr Brampton ON L6S 0E9,peel,treatment,823
Royal Bank - Starbucks,6880 Financial Dr Mississauga ON L5N 7Y5,peel,treatment,754
Royal Paan,9-3050 Artesian Dr Mississauga ON L5M 7P5,peel,treatment,999
Royal Take Out and Catering,15-50 Sunnyvale Gate Brampton ON L6S 0C4,peel,treatment,216
Samosa and Sweet Factory,10615 Bramalea Rd Brampton ON L6R 3P4,peel,treatment,357
San Cosme Torteria - Terminal 1,AT L2-6301 6301 Silver Dart Dr Mississauga Ontario L5P 1B2,peel,treatment,210
"Sandwich Board, The",5770 Hurontario St Mississauga ON L5R 3G5,peel,treatment,509
Select Grill,1250 South Service Rd Mississauga ON L5E 1V4,peel,treatment,584
Shanghai 360,1-828-100 City Centre Dr Mississauga ON,peel,treatment,385
Shell X Freshii,745 Courtneypark Dr. W Mississauga ON L5W 1L9,peel,treatment,541
Sheridan College - Chef Korner,7899 McLaughlin Rd Brampton ON L6V 1G6,peel,treatment,465
Sheridan College - Tim Hortons - HMC2,4226 Duke of York Blvd Mississauga ON L5B 0G5,peel,treatment,291
Sheridan College - Tim Hortons (C Wing building),7899 McLaughlin Rd Brampton ON L6V 1G6,peel,treatment,10
Sinbad,14-2567 Hurontario St Mississauga ON L5A 2G4,peel,treatment,578
Smash Burger - Terminal 3,AT3 L2-6301 Silver Dart Dr Mississauga ON L5P 1B2,peel,treatment,529
Somethin' Sweet 4 U,10-592 Rathburn Rd W Mississauga ON L5B 3A4,peel,treatment,749
Somethin' Sweet 4u,13-5380 Terry Fox Way Mississauga ON L5V 3A4,peel,treatment,66
Starbucks,250 Lakeshore Rd W Mississauga ON L5H 1G6,peel,treatment,126
Starbucks,1-65 Dusk Rd Brampton ON L6Y 0H7,peel,treatment,134
Starbucks,5 Beaumaris Dr Brampton ON L6T 5J6,peel,treatment,966
Starbucks,A2-6795 Airport Rd Mississauga ON L4V 1E6,peel,treatment,970
Stella Etuk - Infield Terminal,AT1 L2-6301 Silver Dart Dr Mississauga ON L5P 1B2,peel,treatment,312
Stryke Food Bunker,4-5-240 Clarence St Brampton ON L6W 1T4,peel,treatment,716
Su&Shi Noodle Bar,1-825-100 City Centre DR Mississauga ON,peel,treatment,258
Subway,184C-499 Main St S Brampton ON L6Y 1N7,peel,treatment,441
Subway,34-85 Kennedy Rd S Brampton ON L6W 3G1,peel,treatment,923
Subway,279 Queen St E Brampton ON L6W 2C2,peel,treatment,265
Sweet Palace,9-2945 Sandalwood Pky E Brampton ON L6R 3J6,peel,treatment,918
Tacorrito and Hurry Curry,1465 Aerowood Dr. Mississauga ON L4W 2L2,peel,treatment,908
Tandoori Grill Meat Shop,16-45 Dusk Dr Brampton ON L6Y 5Z6,peel,treatment,230
Tandoori Grill Meat Shop,6B-15 Fandor Way Brampton Ontario L7A 2G9,peel,treatment,1056
Taza Chaiwala,5-3105 Winston Churchill Blvd Mississauga ON L5L 5S3,peel,treatment,87
Thai Express,1-134-100 City Centre Dr Mississauga ON,peel,treatment,699
Thai Express,3-3077 Mavis Rd Mississauga ON L5B 4M3,peel,treatment,859
Thanh Son Tofu,D3-B-888 Dundas St E Mississauga ON L4Y 4G6,peel,treatment,475
Thanima Kerala Kitchen,5165 Tomken Rd Mississauga ON L4W 1P1,peel,treatment,1053
The Alley,1-213-100 City Centre Dr Mississauga ON L5B 2C9,peel,treatment,895
Tim Hortons,281 Richvale Dr S Brampton ON L6Z 4P6,peel,treatment,656
Tim Hortons,1212 Southdown Rd Mississauga ON L5J 2Z2,peel,treatment,676
Tim Hortons,2-134A-100 City Centre Dr Mississauga ON,peel,treatment,745
Tim Hortons - Compass Group Canada Ltd,4567 Dixie Rd Mississauga ON L4W 1S2,peel,treatment,72
Tony's Panini and Pizza,10-1150 Lorne Park Dr Mississauga ON L5H 3A5,peel,treatment,661
University of Toronto Mississauga - Chatime,1815 Inner Cir Mississauga ON L5L 1C6,peel,treatment,601
Veggie Lovers,8-50 Sunnyvale Gate Brampton ON L6S 0C4,peel,treatment,782
Villa Madina,733K-25 Peel Centre Dr Brampton ON L6T 3R5,peel,treatment,707
Wal-Mart - McCafe,2-102-100 City Centre Dr Mississauga ON L5B 2C9,peel,treatment,1057
Warraich Meats,101-527 Van Kirk Dr Brampton ON L7A 0P4,peel,treatment,364
Wet n Wild Toronto- Subway,7855 Finch Ave W Brampton ON L6T 0B2,peel,treatment,247
White Gold Sweets,48-3176 Ridgeway Dr Mississauga ON L5L 5R4,peel,treatment,1007
Wings Up,A401-3030 Thomas St Mississauga ON L5R 4B2,peel,treatment,753
Yogen Fruz,184K-499 Main St S Brampton ON L6Y 1N7,peel,treatment,249
Yogen Fruz,2-310B-100 City Centre Dr Mississauga ON L5B 2C9,peel,treatment,553
Yogi's Noodles,1D-1550 South Gateway Rd Mississauga ON L4W 5G6,peel,treatment,733
Za Cafe,1 Derry Rd E Mississauga ON L5T 1B6,peel,treatment,289
Zeerah Food Take Out,16-3050 Artesian Dr Mississauga ON L5M 7P5,peel,treatment,142
A & W,1099 Marcus Dr Sudbury ON P3B 4K6,sudbury,treatment,25
Almaz Health Food Store & Cafe,6 Eleanor St Gore Bay ON P0P 1H0,sudbury,treatment,658
Burger King,660 Notre Dame Ave Sudbury ON P3C 5L2,sudbury,treatment,879
Burgers Plus,1-111 Centre Street Espanola ON P5E 1S4,sudbury,treatment,176
Crazy Cow Cafe,50 b Main St St. Charles ON P0M 2W0,sudbury,treatment,793
East Side Mario's,900 Lasalle Blvd Sudbury ON P3A 1X5,sudbury,treatment,611
Far East Restaurant,3060 Falconbridge Rd Garson ON P3L 1P6,sudbury,treatment,57
First Round,1462 Main St Val Caron Ontario P3N 1R8,sudbury,treatment,16
Gardens Gate Restaurant,316 Hwy 542 Tehkummah ON P0P 2C0,sudbury,treatment,453
Gateway Marina,29 Channel Killarney ON P0M 2A0,sudbury,treatment,907
Gloria's Restaurant,469 Bouchard St Sudbury ON P3E 2K8,sudbury,treatment,259
Gogama Lodge,Gogama ON P0M 1W0,sudbury,treatment,174
Harvey's,2169 Regent St Sudbury ON P3E 5R2,sudbury,treatment,214
Holiday Inn (Restaurant),1696 Regent St Sudbury ON P3E 3Z8,sudbury,treatment,75
Idylwylde Country Club,400 Walford Rd Sudbury ON P3E 2G9,sudbury,treatment,775
Kelly's Family Diner,Hwy 144 Cartier ON P0M 1J0,sudbury,treatment,508
Kinhao Sushi,2040 Algonquin Rd Sudbury ON P3E 4Z6,sudbury,treatment,378
McDonald's,914 Newgate Ave Sudbury ON P3A 5J9,sudbury,treatment,73
McKay's Cafe,65 Larch St Sudbury ON P3E 1B8,sudbury,treatment,562
Meldrum Bay Inn,25959 Hwy 540 Meldrum Bay ON P0P 1R0,sudbury,treatment,638
Mucho Burrito,1250 Lasalle Blvd Sudbury ON P3A 1Y7,sudbury,treatment,369
Neomo medical,885 Prete St Sudbury ON,sudbury,treatment,959
Northbury Hotel and Conference Centre,50 Brady St Sudbury ON P3E 1C8,sudbury,treatment,932
Okinawa Sushi,798 Lasalle Blvd Sudbury ON P3A 4V4,sudbury,treatment,512
Onaping Golf & Beach Club,725 Lochhead Dr Onaping ON P0M 2R0,sudbury,treatment,718
P&M's Kouzzina,1463 Lasalle Blvd Sudbury ON P3A 1Z8,sudbury,treatment,120
Pasta e Vino Ristorante,118 Paris Street Sudbury ON P3E 3E1,sudbury,treatment,951
Quesada Burritos and Tacos,900 Lasalle Blvd Sudbury ON P3A 5W8,sudbury,treatment,5
Rainbow Ridge Golf Course,26 B-Clover Valley Rd Manitowaning ON P0P 2J0,sudbury,treatment,856
Ristorante Verdicchio / Frank's Delicatessen,1351 Kelly Lake Rd Sudbury ON P3E 5P5,sudbury,treatment,590
Roger Rabbits,92 Park St Espanola ON P5E 1E9,sudbury,treatment,478
Rosy's Corner,104 Durham St Sudbury ON P3E 3M7,sudbury,treatment,715
Rudy's Restaurant,483 Lasalle Blvd Sudbury ON P3A 1W8,sudbury,treatment,150
Sahar of Sudbury,497 Notre Dame Ave Sudbury ON P3C 5L1,sudbury,treatment,544
Stack Brewhouse,947 Falconbridge Rd Sudbury ON P3A 5K8,sudbury,treatment,473
Subway (Restaurant #23113),1400 Kingsway Blvd Sudbury ON P3A 4R7,sudbury,treatment,634
Subway (Restaurant #23520),140 Regional Rd 24 Lively ON P3Y 1C3,sudbury,treatment,786
Subway (Restaurant #54384),93 Notre Dame St W Azilda ON P0M 1B0,sudbury,treatment,502
Subway (Restaurant #56481),568 Kathleen St Sudbury ON P3C 2N3,sudbury,treatment,1036
Taco Sol,80 Cedar St Sudbury ON P3E 1A5,sudbury,treatment,272
Tandoori Tastes,96 Larch Street Sudbury ON P3E 1C1,sudbury,treatment,526
Tata-Chika-Pika Camp,Highway 144 Gogama ON P0M 1W0,sudbury,treatment,393
Tim Hortons (Restaurant #101507),2689 Kingsway Blvd Sudbury ON P3B 2G1,sudbury,treatment,155
Topper's Pizza,904 Barrydowne Rd Sudbury ON P3A 3V2,sudbury,treatment,307
Tutti Frutti,125 Loach's Rd Sudbury ON P3E 2P8,sudbury,treatment,574
Wendy's,331 Highway 17 Espanola ON P5E 1F3,sudbury,treatment,610
Wonderful Sushi,1716 Regent St Sudbury ON P3E 3Z8,sudbury,treatment,178
Battistelli's Your Independent Grocer - Deli / Food Take Out,65 Regional Rd 24 Lively ON P3Y 1H3,sudbury,treatment,660
Bento Sushi (Location #2624),1836 Regent St Sudbury ON P3E 3Z8,sudbury,treatment,755
Bitter Bill's Ice Cream Parlour,3695 Clarence St Val Caron ON P3N 1H4,sudbury,treatment,555
Campbell's Drive Inn,Regional Rd 1 Gore Bay ON P0P 1H0,sudbury,treatment,469
Capreol Cross Country Ski Club,99 Lakeshore St Capreol ON P0M 1H0,sudbury,treatment,1021
Chris' Your Independent Grocer - Produce Counter,82 Lorne St Sudbury ON P3C 4P2,sudbury,treatment,34
D -n K Chip Stand,207 Hwy 17 Nairn Centre ON P0M 2L0,sudbury,treatment,332
Dan's Candy Stand,2290 Maley Dr Garson ON P3L1M5,sudbury,treatment,363
Delki Dozzi Playground - Lower Floor Hall,3 Mary St Sudbury ON P3C,sudbury,treatment,1058
Dynamic Earth,122 Big Nickel Mine Drive Sudbury ON P3E 5S9,sudbury,treatment,986
Great Lakes Pizza Company,103-1955 Lasalle Blvd A Sudbury ON P3A 2A3,sudbury,treatment,56
Great Lakes Pizza Company,1769 Regent St Sudbury ON P3E 3Z7,sudbury,treatment,887
Kitty Kate's,Kanipahow Road Chapleau ON P0M 1K0,sudbury,treatment,727
Lakair Lodge Ice Cream Shack,8219 Hwy 646 Monetville ON P0M 2K0,sudbury,treatment,347
Lake Huron Fish & Chips Co.,52841 Hwy 551 Providence Bay ON P0P 1T0,sudbury,treatment,33
Laurentian University - Cafe Bistro,935 Ramsey Lake Rd Sudbury ON P3E 2C6,sudbury,treatment,1047
Laurentian University - Subway,935 Ramsey Lake Rd Sudbury ON P3E 2C6,sudbury,treatment,336
Little Guys Pizza Co.,"93 Notre Dame West Azilda, On P0M 1B0",sudbury,treatment,130
Little Pizza Shop,19-155 Regional Road 24 Lively ON P3Y 1J1,sudbury,treatment,30
M & D's Poutine Palace,1492 Paris Street Sudbury ON P3E 3B8,sudbury,treatment,785
Manitoulin Homemade Ice Cream,15898 Hwy 6 Manitowaning ON P0P 1N0,sudbury,treatment,474
Moon Bento Sushi,82 Lorne St Sudbury ON P3C 4N8,sudbury,treatment,1029
Moonlight Inn & Suites,350 Moonlight Ave Sudbury ON P3B 3W3,sudbury,treatment,548
Nickel City Cheese Poutinerie,3888 Regional Road 15 Chelmsford ON P0M 1L0,sudbury,treatment,2
Poirier's Clover Farm,130 Sable Street Massey Ontario P0P 1P0,sudbury,treatment,1038
Real Canadian Superstore - Deli / Food Take Out,1485 Lasalle Blvd Sudbury ON P3A 5H7,sudbury,treatment,146
Regency Bakery - Azzurri Cafe,1355 Regent St Sudbury ON P3E 3Z1,sudbury,treatment,1052
Silver City - Pizza Pizza,355 Barrydowne Rd Sudbury ON P3B 4K4,sudbury,treatment,701
Silver City - Pretzel Maker,355 Barrydowne Rd Sudbury ON P3B 4K4,sudbury,treatment,653
Smith's - Deli,2040 Algonquin Rd Sudbury ON P3E 4Z6,sudbury,treatment,535
Smith's - Take Out,971 Lasalle Blvd Sudbury ON P3A 1X7,sudbury,treatment,549
Arby's Restaurant,1070 Richmond St Chatham ON N7M 5J5,chatham,control,98
Ashley's Place,75 Queen Street North Tilbury ON N0P 2L0,chatham,control,784
Burger King,766 St Clair Street Chatham ON N7M 5J7,chatham,control,329
Burger King,Highway 401 Westbound W Tilbury ON N0P 2L0,chatham,control,829
Burn's Family Restaurant,265 St George St N Dresden ON N0P 1M0,chatham,control,537
Cajun Pepper 2 Restaurant,11-455 Grand Ave Chatham ON N7L 2X1,chatham,control,451
Cozy Corners,1149 Dufferin Ave Wallaceburg ON N8A 2W2,chatham,control,1065
Crave’s Poutinerie,218 Richmond St Chatham ON N7M 1P4,chatham,control,314
Hidden Garden Cafe,519 King Street West Chatham ON N7M 1G8,chatham,control,224
Holiday Inn Express,575 Richmond Street Chatham ON N7M 5K8,chatham,control,497
James Street Eatery,504 James St Wallaceburg ON N8A 2N9,chatham,control,748
Kelsey's,804 Richmond Street Chatham ON N7M 5J5,chatham,control,1030
Kurry Houzz & Grill Inc.,5A-427 St. Clair St. Chatham ON N7L 3K4,chatham,control,771
McDonald's,50 McNaughton Avenue Wallaceburg ON N8A 1R9,chatham,control,542
McDonald's,411 St. Clair Street Chatham ON N7L 3K4,chatham,control,1048
Mike's Place,564 Queen Street Chatham ON N7M 2J6,chatham,control,182
Popeyes,756 St Clair Street Chatham ON N7M 5J7,chatham,control,320
Rice and Noodle,112 Keil Dr S Chatham ON N7M 3H1,chatham,control,558
River Rock/The Garden,187/193 King Street W Chatham ON N7M 1E4,chatham,control,746
Riverport Restaurant,524 James Street Wallaceburg ON N8A 2N9,chatham,control,266
Rose's Family Restaurant,10 Queen Street N Tilbury ON N0P 2L0,chatham,control,507
Rossini's Restaurant,634 Grand Ave Chatham ON N7L 1X6,chatham,control,821
Sam's Percolator,85 Thames St Chatham ON N7L 2Z5,chatham,control,806
Saxony Motel - Restaurant,521 Grand Avenue Chatham ON N7L 3Z2,chatham,control,933
Tasty Lunch,79 King Street W Chatham ON N7M 1C7,chatham,control,315
Ten Seven Cafe & Lounge,B-595 St. Clair Street Chatham ON N7L 3L3,chatham,control,153
The Pit Crew Café,Unit 1-254 Talbot Street Blenheim ON N0P 1A0,chatham,control,629
Tim Hortons,368 St. Clair Street Chatham ON N7L 3K2,chatham,control,630
William Street Cafe,28 William Street S Chatham ON N7M 4S1,chatham,control,349
Wimpys Diner,3921 Grand Ave. W Chatham ON N7L 1C4,chatham,control,470
Wood Craft Pizza & Bar,71 Queen St N Tilbury ON N0P 2L0,chatham,control,112
Bill's International Pizza,1044 Dufferin Ave Wallaceburg ON N8A 2V8,chatham,control,1044
Koka's Pizza,114 West Street Chatham ON N7M2R7,chatham,control,376
Little Caesars Pizza,30 McNaughton Ave Wallaceburg ON,chatham,control,975
Nourished,11 Prospect Street Tilbury ON N0P 2L0,chatham,control,184
Thames Campus Arena,1001 Grand Ave W Chatham ON N7M 5W4,chatham,control,145
The Whisk & Skillet Pierogi Kitchen,11244 Grove Mills Line Dresden ON N0P 1M0,chatham,control,910
Yardie Vibez,A-50 King St. East Chatham Ontario N7M 1C6,chatham,control,982
5 Kiddos Food Trip,811 King Street East Hamilton ON Canada,hamilton,control,909
Adventure Golf -Big Al's,Adventure-580 Van Wagner's Beach Rd Hamilton ON L9E 3L8 Canada,hamilton,control,44
AFC Sushi (Fortino's),102 Hwy 8 Stoney Creek - Lower ON L8G 4H3 Canada,hamilton,control,531
African Lion Safari - Jungle Junction,1386 Cooper Rd Flamborough ON N1R 5S2 Canada,hamilton,control,861
Afshar's Shawarma and Grill,234 King St W Hamilton ON L8P 1A9 Canada,hamilton,control,82
AJ's Grill,15-94 Dundas St E Flamborough ON L9H 7K6 Canada,hamilton,control,161
Alice Park,811 King St E HAMILTON,hamilton,control,969
Amy's Wok - Restaurant,160 Centennial Pkwy Hamilton ON L8E 1H8 Canada,hamilton,control,171
Ancaster Senior Achievement Ctr.,622 Alberton Rd S Alberton ON L0R 1A0 Canada,hamilton,control,164
Andys Submarines,1342 Barton St E Hamilton ON L8H 2W3 Canada,hamilton,control,708
Anissa's Chicken,35 York Blvd. Hamilton ON Canada,hamilton,control,425
Anytime Barton,653 Barton St E Hamilton - Downtown (East) ON L8L 3A3 Canada,hamilton,control,709
Asparagus Restaurant,387 Barton Street East Hamilton ON L8L 2Y2 Canada,hamilton,control,118
Assumption Hall,1406 Barton St E Hamilton ON L8H 2W5 Canada,hamilton,control,459
At Hot Foods Plate# 133,270 Cumberland Ave Hamilton ON L8M 2A1 Canada,hamilton,control,602
Augusta's Winking Judge,25 Augusta St Hamilton ON L8N 1P6 Canada,hamilton,control,255
Azzurri Sports Club,293 Highway No. 8 Stoney Creek ON L8G 1E5 Canada,hamilton,control,239
Balanced Lives Cafe,775 Barton St E Hamilton ON L8L 3A9 Canada,hamilton,control,726
Bar Burrito,B-1711 Main St W Hamilton ON L8S 1G5 Canada,hamilton,control,103
Barton Touchdown Pub,912 Barton St E Hamilton ON L8L 3C2 Canada,hamilton,control,400
Baskin Robbins,1660 Upper James Street Hamilton ON Canada,hamilton,control,874
Baskin Robbins,313C-999 Upper Wentworth St Hamilton Ontario L9A 4X5 Canada,hamilton,control,262
BATL Global Corporation,80 James St. N Hamilton Ontario,hamilton,control,381
Baycoat Ind -South Plant,244 Lanark St Hamilton ON L8E 4B3 Canada,hamilton,control,77
Beanermunky Chocolate,17 Main St S Waterdown,hamilton,control,83
Bed Bath & Beyond,"1783 Stone Church Rd. E., Bldg 3 Stoney Creek ON L8J 0B4 Canada",hamilton,control,732
Bedrock Bistro,260 Queenston Rd Hamilton ON L8K 1H1 Canada,hamilton,control,623
Bento Sushi,977 Golf Links Rd ANCASTER ON L9K 1K1 Canada,hamilton,control,39
Bernie Morelli Rec Centre - 2nd Floor Kitchen,876 Cannon St E Hamilton ON L8L 0C6 Canada,hamilton,control,825
BEST BURGERS,438 HWY 8 . STONEY CREEK Ontario L8G 1G3 Canada,hamilton,control,700
Beverley Hall,793 Old Hwy 8 Flamborough ON L0R 1X0 Canada,hamilton,control,194
Beverly Community Centre - Top Shelf Concession,680 Highway 8 Rockton ON L9H 3B3 Canada,hamilton,control,567
Beverly Community Centre - Rental Kitchen,680 Hamilton Regional Rd 8 Hamilton ON L9H 5E1 Canada,hamilton,control,111
Beverly Golf & Country Club - Halfway House,1211-2nd Concession Road West Copetown ON L0R 1J0 Canada,hamilton,control,233
Beverly Golf & Country Club - Restaurant,1211 2nd Concesson Road West Copetown ON L0R 1J0 Canada,hamilton,control,481
BIG FAT CHICKEN / TO GO MART,281 Barton Street Stoney Creek ON L8E 2K7 Canada,hamilton,control,646
Binbrook Agricultural Society,2600 Regional Road 56 Glanbrook ON L0R 1C0 Canada,hamilton,control,772
Black Berry Hill Farm,35 York Blvd. Hamilton ON Canada,hamilton,control,306
Bombay Spices,11-550 Fennell Ave. E Hamilton,hamilton,control,4
Booster Juice,1400 Upper James HAMILTON ON L9B 1K3 Canada,hamilton,control,95
Booster Juice,999 Upper Wentworth Hamilton ON L9A 4X5 Canada,hamilton,control,168
Boston Pizza,4 Horseshoe Crescent Waterdown ON L0R 2H2 Canada,hamilton,control,844
Bread and Cheese,1-141 Hwy 8 Stoney Creek ON L8G 5C1 Canada,hamilton,control,284
Breezy Corners,1145 Main St E Hamilton ON L8M 1P3 Canada,hamilton,control,299
Breezy Corners Family Restaurant,1480 Highway 6 N Freelton ON L0R 1K0 Canada,hamilton,control,783
Bronx Pizza,205 Quigley Road Hamilton ON L8K 5M8 Canada,hamilton,control,160
Brothers Grimm Bistro,193 King Street East Hamilton ON L8N 1B3 Canada,hamilton,control,169
Buttrum's,35 York Blvd. Hamilton ON Canada,hamilton,control,980
Cafe Domestique Inc.,90 KING ST.W DUNDAS ON,hamilton,control,583
CAKE BOUTIQUE,24 CHELSEA CRES STONEY CREEK ON L8E 5R7 Canada,hamilton,control,659
"Camp 31 BBQ, Plate# 148",1108 Sawmill Rd Ancaster ON L9G 3L1 Canada,hamilton,control,779
Canadian MiniIndy,2633 Upper James St Glanbrook ON L0R 1W0 Canada,hamilton,control,703
Canton Chinese Take-out,424 Highway No. 8 Stoney Creek ON L8G 1G2 Canada,hamilton,control,297
Capri Restaurant,25 John St N Hamilton ON L8R 1H1 Canada,hamilton,control,295
Carlisle Memorial Hall,273 Carlisle Rd Carlisle ON L0R 2H0 Canada,hamilton,control,683
Caro Restaurant & Bar,2 Ottawa St. N Hamilton Ontario,hamilton,control,639
Carrington Place Retirement Residence,75 Dunham Dr Ancaster ON L9G 1X7 Canada,hamilton,control,575
Cat 'N' Fiddle,174 John St S Hamilton ON L8N 2C6 Canada,hamilton,control,311
CC Produce,35 York Blvd. Hamilton ON Canada,hamilton,control,346
Cedar Falafel and Shawarma,1405 Upper Ottawa St Hamilton ON L8W 3J6 Canada,hamilton,control,877
Celebrity Billiards,1059 Upper James St Hamilton ON L9C 3A6 Canada,hamilton,control,679
Century Pines Golf Club,"592 Westover Rd, RR#1 Troy ON L0R 2B0 Canada",hamilton,control,495
Charred,244 James St N Hamilton ON L8R 2L3 Canada,hamilton,control,876
Chef Wagon Hot Dog Cart,114 Main St W Hamilton ON L8P Canada,hamilton,control,921
China Wok,Unit 12-94 Dundas St E. Waterdown ON L0R 2H2 Canada,hamilton,control,896
Chocolat on James,4-123 James St N Hamilton ON L8R 2K8 Canada,hamilton,control,388
Christine's Goodies,2-1351 Main St E Hamilton ON L8K 1B6 Canada,hamilton,control,237
Cobs Bread,1187 Wilson St W Ancaster ON L9G 0E8 Canada,hamilton,control,305
Coco Bongo Lounge & Bar,303 York Blvd Hamilton ON L8R 3K5 Canada,hamilton,control,22
Complete Home Brewing,600 Fennell Ave E Hamilton ON L8V 1T1 Canada,hamilton,control,528
Courtyard at the General,237 Barton St E Hamilton ON L8L 2X2 Canada,hamilton,control,902
Cowabunga,1/2-536 Upper Wellington St Hamilton Ontario L9A 3P5 Canada,hamilton,control,129
Creamy Atlas,10 Mulberry Street Hamilton ON L8R 2C5 Canada,hamilton,control,838
Croatian National Home -B,1925 Barton St E Hamilton ON L8H 2Y7 Canada,hamilton,control,231
Curbside Grill,224 Ottawa St N Hamilton L8H 3Z6,hamilton,control,38
Cyprus Lounge and Cafe,445 Concession Street Hamilton ON L9A 1C1 Canada,hamilton,control,592
Dairy Queen,832 Fennell Ave E Hamilton ON L8V 1V6 Canada,hamilton,control,626
Dana Hospitality Gp. Inc.,55 John St N Hamilton ON L8R 3M8 Canada,hamilton,control,248
DELIVERY 4 ALL INC.,2-1150 KING ST. E HAMILTON,hamilton,control,557
Denny's,560 Centennial Pkway. Hamilton ON L8E 0G2 Canada,hamilton,control,972
Diamantino`s Pizza,341 Barton St E Hamilton ON L8L 2X6 Canada,hamilton,control,866
Dominos Pizza,1440 Main St. E. Hamilton ON L8K 6M3 Canada,hamilton,control,858
Domino's Pizza,1090 Wilson St W Ancaster ON L9G 3K9 Canada,hamilton,control,374
Domino's Pizza,16-1171 Upper James St Hamilton ON L9A 5C6 Canada,hamilton,control,804
Domino's Pizza,1050 Upper Gage Ave Hamilton ON L8V 5B7 Canada,hamilton,control,950
Don Cherry's @ Gateway,610 South Service Rd Stoney Creek ON L8E 2W1,hamilton,control,270
Donnici Social Club,765 King St E Hamilton ON L8M 1A4 Canada,hamilton,control,1003
Dough Box,1457 Main Street West Hamilton ON L8S 1C9 Canada,hamilton,control,892
Dragon Court,988 King St W. Hamilton ON L8S 1L1 Canada,hamilton,control,292
Dunas Verdes Cafe Inc.,253 James St N Hamilton ON L8R 2L2 Canada,hamilton,control,919
Earth to Table Farm,250-4th Concession Rd W Flamborough ON L0R 2H2 Canada,hamilton,control,401
East Avenue Place,65 East Ave S Hamilton ON L8N 2T5 Canada,hamilton,control,616
Eastmount Community Centr,115 East 26th St Hamilton ON L8V 3C5 Canada,hamilton,control,720
Eduardo Importing Limited,357 HWY 8 Hamilton ON L8G 1E7 Canada,hamilton,control,370
Embassy,54 King St E Hamilton ON L8N 1A6 Canada,hamilton,control,810
Emilio's Eatery,117 King St W Dundas ON L9H 1V1 Canada,hamilton,control,438
Faith Care Villa,2129 King St E Hamilton ON L8K 1W5 Canada,hamilton,control,648
Faith Hope Manor,178 John St N Hamilton ON L8L 4P2 Canada,hamilton,control,945
Famo Pizza and Wings,1000 Upper Gage Ave Hamilton ON L8V 5B7 Canada,hamilton,control,484
"Festival Food, Plate# 149",560 Fifth Rd.E Stoney Creek ON L8J 3L4 Canada,hamilton,control,603
"Festival Foods, plate # 054 (old number #206)",560 5th Rd E Hamilton ON L8J 3L4 Canada,hamilton,control,797
Fiddes Wholesale Produce Co,60 Ewen Rd Hamilton ON L8S 3C5 Canada,hamilton,control,157
Fire Stone Pizza and Wings,54 Queen St. S Hamilton Ontario,hamilton,control,1046
FIREHOUSE SUBS,8B-146 HWY 8 . STONEY CREEK ON L8G 1C2 Canada,hamilton,control,944
Flavours Latin Cusine,261 Queenston Rd Hamilton ON L8K 1G9 Canada,hamilton,control,790
Food Basics,505 Rymal Rd E Hamilton ON L8W 3X1 Canada,hamilton,control,538
Fortino's,102 Highway 8 Stoney Creek ON L8K 1G2 Canada,hamilton,control,86
Fortino's ( Ancaster 2011) Ltd.,54 Wilson St W ANCASTER ON L9G 3T8 Canada,hamilton,control,269
Franco's No Frills,1-640 Queenston Rd. Hamilton ON L8K 1K2 Canada,hamilton,control,283
Fresh Kravings Foods Inc.,107 James Street North Hamilton ON L8R 2K6 Canada,hamilton,control,948
Freshco,905 Rymal Road East Hamilton ON L8W 3M2 Canada,hamilton,control,926
Freshii,2-1187 WILSON ST.W ANCASTER,hamilton,control,368
GALITO'S,2 KING ST.W HAMILTON L8P 1A1 Canada,hamilton,control,612
Gate of India Restaurant,201 James St N Hamilton ON L8R 2L2 Canada,hamilton,control,1000
Gelazza Plate 181,365 Brookview Ancaster ON Canada,hamilton,control,236
Get Your Own Taters Plate # 138,4335 Forest Fire Ln Mississauga ON L4W 3P2 Canada,hamilton,control,147
GETSTUFT PLATE #278,47 Northcote Ave Hamilton ON M6J 3K2 Canada,hamilton,control,763
Gino`s Pizza,65 Mall Rd Hamilton ON L7G 0C6 Canada,hamilton,control,598
Ginos Pizza,7 King St E Hamilton ON L8N 1A1 Canada,hamilton,control,588
Ginos Pizza,1309 Main St W Hamilton ON L8L 1C5 Canada,hamilton,control,1008
Gino's Pizza,174 Highway No. 8 Stoney Creek ON L8G 1C3 Canada,hamilton,control,344
Glanford Curling Club -Pr,3091 Homestead Dr Glanbrook ON L0R 1W0 Canada,hamilton,control,345
GLOBAL,"1413 HWY 8, STONEY CREEK",hamilton,control,456
Golden Pita Authentic Mediterranean Gourmet,1172 Wilson St W. ANCASTER ON L9G 3K9 Canada,hamilton,control,1051
Good Shepherd Venture Centre,155 Cannon Street EA Hamilton ON L8L 2A6 Canada,hamilton,control,1028
Grace Villa - Auxilliary Kitchens(2nd and 3rd floor),45 Lockton Hamilton ON L8V 4V5 Canada,hamilton,control,93
GRAZE & INDULGE,51 WHISTLER ST HANNON ON L0R 1P0 Canada,hamilton,control,483
"Green Machine Smoothies, Plate # 068",3 Caprice Crt Hamilton ON L9C 2N4 Canada,hamilton,control,769
Hambrgr,49 King William St Hamilton ON L8R 1A2 Canada,hamilton,control,133
HAMBRGR,207 Ottawa St. N Hamilton ON L8H 3Z4 Canada,hamilton,control,49
Hamilton Air Force Association,128 King St E Dundas ON L9H 1C3 Canada,hamilton,control,615
Hamilton Artists Inc,155 James St N Hamilton ON L8R 2K9 Canada,hamilton,control,993
Hamilton Food Share,339 Barton St Stoney Creek ON L8E 2L2 Canada,hamilton,control,271
Hamilton Thunderbirds - Snack Bar,Bernie Arb-856 Upper Kenilworth Ave Hamilton ON L9C 7M8 Canada,hamilton,control,128
Hamilton Waterfront Scoop,47 Discovery Dr Hamilton ON L8L 8K4 Canada,hamilton,control,60
Hammer Dogs - Plate # 038,857 Barton St E Hamilton ON L8L 3B2 Canada,hamilton,control,466
Healthy Planet,1A-821 Golf Links Road Ancaster ON L9K 1L5 Canada,hamilton,control,665
Hercs Wellness Clinic,1-410 Hwy 8 Stoney Creek ON L8G 1G2 Canada,hamilton,control,360
Hot Dog Cart Plate #37,1321 Barton St E Hamilton - Downtown (East) ON L8H 2V4 Canada,hamilton,control,396
Hub Burrito,1405 Upper Ottawa Street Hamilton ON L8W 3J6 Canada,hamilton,control,119
Hudson's Bay,999 Upper Wentworth St Hamilton ON L9A 4X5,hamilton,control,391
Hung Cheung Trading,95 MacNab St N Hamilton ON L8R 2L9 Canada,hamilton,control,85
Husky,220 Centennial Pkwy N Hamilton - Downtown (East) ON Canada,hamilton,control,180
Husky,615 Mohawk Rd W Hamilton ON L9K 1J3 Canada,hamilton,control,264
Indian Hut,9 Main Street North Waterdown ON L0R 2H0 Canada,hamilton,control,193
Indwell,118 Wentworth St S Hamilton ON L8N 2Y9 Canada,hamilton,control,770
International News,75 Centennial Pkwy N Hamilton ON L8E 2P2 Canada,hamilton,control,319
Irish Canadian Club,389 Concession St Hamilton ON L9A 1B8 Canada,hamilton,control,187
Island Jerk Hut,2A-1575 Upper Ottawa Street Hamilton ON L8W 3E2 Canada,hamilton,control,604
J. Calvin Hungarian Churc,121 Birch Ave Hamilton ON L8L 6H8 Canada,hamilton,control,457
Jack Astor's,75 Centennial Pkwy N Hamilton ON L8E 2P2 Canada,hamilton,control,1041
Jammies Diner,12-1812 Rymal Rd E Hannon ON L0R 1P0 Canada,hamilton,control,865
Jenny Vasquez-Mamey,811 King St. E Hamilton ON Canada,hamilton,control,666
JM Sushi,1770 Stone Church Rd. E. Stoney Creek ON Canada,hamilton,control,915
Joe's Catering - Refreshment Vehicle - Plate #003,1147 Ridge Rd Stoney Creek ON Canada,hamilton,control,1015
Joya Sushi,1685 MAIN ST.W HAMILTON,hamilton,control,1005
Joyous C Kitchen,1070 Stone Church Rd E Hamilton ON Canada,hamilton,control,199
Julia's Poultry,35 York Blvd. Hamilton ON Canada,hamilton,control,669
Kelly's Residence Main,650 Main St E Hamilton ON L8M 1J8 Canada,hamilton,control,439
Kelsey's Restaurant,771 Golf Links Rd ANCASTER ON L9G 3K9 Canada,hamilton,control,556
Kentucky Fried Chicken,Bldg F-12 Clappison Ave Flamborough ON L8B 0Y2 Canada,hamilton,control,514
KFC/Taco Bell,2 King St W Hamilton ON L8P 1A1 Canada,hamilton,control,595
King's 2For1 Pizza & Wings,85 JOHN ST. S HAMILTON ON L8N 2C1 Canada,hamilton,control,552
Kitchen Island,811 King St E Hamilton ON L8M 3A6 Canada,hamilton,control,419
Kohinur Indian Cuisine,2537 Regional Rd. 56 Glanbrook ON Canada,hamilton,control,97
Koi Restaurant,27 Hess St S Hamilton ON L8P 3M7 Canada,hamilton,control,649
Korea House,281 Cannon St E Hamilton ON L8L 2B4 Canada,hamilton,control,527
Kreative Katering Concepts Inc - Commissary,2-29 Sunnyhurst Ave Stoney Creek ON L8E 5M9 Canada,hamilton,control,525
La Bodeguita,441 King St E Hamilton ON L8N 1C5 Canada,hamilton,control,300
La Cantina,60 Walnut St S Hamilton ON L8N 2L1 Canada,hamilton,control,641
La Luna Restaurant,306 King St W Hamilton - Downtown (Centre) ON L8L 1B1 Canada,hamilton,control,540
Landmark 6 Cinemas - Jackson Square,2 King St W Hamilton ON L8P 1A1 Canada,hamilton,control,839
Latin Food & Products,35 York Blvd. Hamilton ON L8R 1R6 Canada,hamilton,control,183
Laura Secord Inc. (Eastgate),Eastgate S-75 Centennial Pkwy N Hamilton ON L8E 2P2 Canada,hamilton,control,851
Lava Pizza & Wings,2-387 Barton St E Hamilton ON L8L 2Y2 Canada,hamilton,control,928
Le Bella Pizza,1120 Fennell Ave E Hamilton ON L8T 1S5 Canada,hamilton,control,651
Lina's European Pastries,38 Lasila Crt Hamilton ON L9C 7B6 Canada,hamilton,control,317
Lincoln Alexander Centre,160 King St E Hamilton ON L8N 1B2 Canada,hamilton,control,952
Little Caesars Pizza,2273 Rymal Rd Bldg C Stoney Creek ON L8J 3W2 Canada,hamilton,control,812
Liu Liu Hot Pot,11 Walnut St S Hamilton ON L8N 2K8 Canada,hamilton,control,212
Living Rock Food Bank,30 Wilson St Hamilton ON L8R 1C5 Canada,hamilton,control,875
Lord Byron Steak & Seafood,10 Main St S Waterdown ON L0R 2H0 Canada,hamilton,control,798
"Los Fenix -Truck Plate# 081,Old#415, MTO #AN 15687",442 E 13th St Hamilton ON L9A 4A6 Canada,hamilton,control,238
Lowe's,1945 Barton Street East Hamilton ON L8H 2Y7 Canada,hamilton,control,318
"Lucky's Fish ""N"" Chips",2666 Regional Road 56 Glanbrook Ontario Canada,hamilton,control,828
Lulu's Shawarma,32 John St N Hamilton ON L8R 1H3 Canada,hamilton,control,286
Madeira,1439 Main St E Hamilton ON L8K 1C4 Canada,hamilton,control,565
Maple Crest Manor,904 King St E Hamilton ON L8M 1B7 Canada,hamilton,control,1017
Maria's Fifty's Diner,931 Queenston Rd Stoney Creek ON L8S 1B8 Canada,hamilton,control,278
Marino's Pizza,601 Upper James St Hamilton ON L9C 2Y7 Canada,hamilton,control,820
Martello Restaurant,298 James St. N Hamilton Ontario L8R 2K1 Canada,hamilton,control,395
Mary Brown's,1090 Wilson St. W. Ancaster ON L9G 3K9 Canada,hamilton,control,873
Masala Corner - Best Indian Cuisine,807 Main St W Hamilton ON L8S 1A2 Canada,hamilton,control,724
Mattina Pizzeria,104 Cannon St E Hamilton ON L8L 2A3 Canada,hamilton,control,852
May Fresh Cut Fries - Refreshment Vehicle - Plate #098 (#239 old plate number),770 Upper James St Hamilton ON L9C 3A2 Canada,hamilton,control,196
May`s Sushi Bar,65 Mall Rd Hamilton ON L8V 5B8 Canada,hamilton,control,937
McDonald's,10 Cootes Dr Dundas ON L9H 1A9 Canada,hamilton,control,725
McDonalds Restaurants,1175 Wilson St W Ancaster ON Canada,hamilton,control,1032
McMaster - Booster Juice,"1280 Main St West, Student Hamilton ON L8S 1K4 Canada",hamilton,control,257
McMaster - Always Fresh - Tim Horton's,"1280 Main St., W., Scourage Bl Hamilton ON L8S 4K1 Canada",hamilton,control,1004
McMaster - Bistro 2 Go,1280 Main St W Keyes Res-Bldg Hamilton ON L8S 4K1 Canada,hamilton,control,816
McMaster - DSB Bistro,"1280 Main St W, DeGroote School Hamilton ON L8S 4L8 Canada",hamilton,control,694
McMaster - Starbucks -Student Centre,"1280 Main St W, Student Centre Hamilton ON L8S 3K1 Canada",hamilton,control,855
McMaster - Twelveighty/The Grind Cafe,1280 Main St W Hamilton ON Canada,hamilton,control,122
McMaster- Café One- Tim Hortons,"1280 MAIN ST W., DeGroote Lear HAMILTON ON L8S 4K1 Canada",hamilton,control,127
McMaster- Paradise Catering,1280 Main St W.- Student Ctr. Hamilton ON L8S 4K1 Canada,hamilton,control,399
Meadows LTC,12 Tranquility Ave ANCASTER ON L9G 5C2 Canada,hamilton,control,998
Medina Fine Foods,581 Concession St Hamilton ON L8V 1B2 Canada,hamilton,control,351
Mega Subs,2137 King St E Hamilton ON L8V 1W5 Canada,hamilton,control,218
Memphis Fire Barbeque Company Inc.,1091 Hwy 8 Stoney Creek ON Canada,hamilton,control,243
Mercury Wholesale - Food,Liuna Stat-360 James St N Hamilton ON L8L 1H5 Canada,hamilton,control,477
Mexican Kitchen,35 York Blvd Hamilton ON L8R 3K1 Canada,hamilton,control,434
Michaels,"1267 Barton ST.E Bldg F, HAMILTON",hamilton,control,680
Midfield Interactive Corp.,11 Sydenham St Dundas Ontario L9H 2T5 Canada,hamilton,control,158
Mighty Mike's,96 Main St E Hamilton ON L8N 1G3 Canada,hamilton,control,738
Mikel Coffee,1008 King St W Hamilton ON L8S 1L4 Canada,hamilton,control,674
Mike's Submarines,122 Ottawa St N Hamilton ON L8H 3Z1 Canada,hamilton,control,573
Miss Lyn's,677 King St E Hamilton ON L8M 1A3 Canada,hamilton,control,722
MMJ Canada,146 Ottawa St N Hamilton ON L8H 3Z3 Canada,hamilton,control,62
MMJ Canada,118 George St Hamilton ON Canada,hamilton,control,222
Mohawk Student's Association Prep Kitchen,135 Fennell Ave. West Hamilton ON L9C 0E5 Canada,hamilton,control,1061
Montfort Grill House,35 Stone Church Rd Ancaster ON L9K 1S5 Canada,hamilton,control,185
Mountsberg Conservation Area - Rental Hall,2259 Milburough Line Flamborough ON L0P 1B0 Canada,hamilton,control,617
Mr. Finger Lick'n Kitchen,1247 Main Street East Hamilton ON L8K 1A8 Canada,hamilton,control,432
Mr. Sub,16-64 Hamilton St N Waterdown ON L0R 2H6 Canada,hamilton,control,927
Mr. Sub,963 Rymal Rd E Hamilton ON L8W 3M2 Canada,hamilton,control,511
MRS GREENWAY,3-2 KING STREET. W DUNDAS ON L9H 7B4 Canada,hamilton,control,1001
Mystic Golf Club,1707 JERSEYVILLE RD W ANCASTER ON L0R 1R0 Canada,hamilton,control,673
Mystic Ramen,35 York Blvd Hamilton ON L8R 3K7 Canada,hamilton,control,515
Nahas Basha Restaurant,610 Upper James St Hamilton ON L9C 2Y8 Canada,hamilton,control,957
Nations Food - Western Kitchen,2 King St.W Hamilton ON L8P 1A2 Canada,hamilton,control,402
Nellie James,144 KING ST W DUNDAS ON L9H 1V2 Canada,hamilton,control,172
New York Fries,Eastgate S-75 Centennial Pkwy N Hamilton ON L8E 2P2 Canada,hamilton,control,681
New York News,147-2 King St W Hamilton - Downtown (Centre) ON L8P 1A1 Canada,hamilton,control,585
Olympic Softee - Plate# 120,200 Coon's Road Richmond Hill ON L4E 4R3 Canada,hamilton,control,624
One Duke,1 Duke St Hamilton ON L8P 1W8 Canada,hamilton,control,774
Oriental Restaurant,453 King St E Hamilton ON L8N 1C5 Canada,hamilton,control,678
P&K SUSHI,301 FRUITLAND RD STONEY CREEK,hamilton,control,354
PA NE & CO,1372 South Service Rd Stoney Creek ON L8E 5C5 Canada,hamilton,control,282
Pak Kai,143 James St N James St N Hamilton ON L8R 2K8 Canada,hamilton,control,985
Papa John`s Pizza,1-665 Fennell Ave. E Hamilton ON L8V 1V3 Canada,hamilton,control,487
Pat's Lodging Residental Care Home Inc.,237 Herkimer St Hamilton ON L8P 2H8 Canada,hamilton,control,302
Pavao Meat & Deli,640 Queenston Rd Hamilton ON Canada,hamilton,control,223
Pho Dui Bo,35 Wilson St W Hamilton ON L9G 1N2 Canada,hamilton,control,436
Pine Valley - Ice Cream,955 Valens Rd Hamilton ON N0B 1L0 Canada,hamilton,control,968
Pineland Greens Golf Course,722 Safari Rd Millgrove ON L0R 1V0 Canada,hamilton,control,759
Pisa Pizza,55 Parkdale Ave N Hamilton ON L8H 5W7 Canada,hamilton,control,776
Pizza Hut,6-1374 South Service Road Stoney Creek Ontario L8E 5C5 Canada,hamilton,control,635
Pizza Pizza,255 Dundas St E Waterdown ON L0R 2H6 Canada,hamilton,control,6
Pizza Pizza,85 King St E Hamilton ON L8N 1A9 Canada,hamilton,control,42
Pizza Pizza,1001-969 Fennell Ave E Hamilton ON L8T 1R1 Canada,hamilton,control,296
Plaza Pizza & Wings,90 Wellington St N Hamilton ON L8R 1N1 Canada,hamilton,control,936
Pokebar Inc,522 Concession St Hamilton ON L8V 1A6 Canada,hamilton,control,140
Popeyes Louisiana Kitchen,B2-1711 Main St W Hamilton ON L8S Canada,hamilton,control,572
Puddicombe Estate Farms & Winery,35 York Blvd Hamilton,hamilton,control,404
Queen's Subs,54 Queen St S Hamilton ON L8P 3R5 Canada,hamilton,control,734
Quesada Burritos & Tacos,891 Upper James St Hamilton ON L9C 7N1 Canada,hamilton,control,343
Rainbow's End Bistro,100 West 5th Hamilton ON L9B 0A1 Canada,hamilton,control,517
Rannosh Restaurant & Cafe,578 -580 Concession St Hamilton ON L8V 1B1 Canada,hamilton,control,741
Raoabe Restaurant,1405 Upper Ottawa St Hamilton ON Canada,hamilton,control,52
Red Crow Coffee,211 James St S Hamilton ON L8P 3B2 Canada,hamilton,control,973
Red Rockets,Unit 5-1405 Upper Ottawa St Hamilton ON L8W 3J6 Canada,hamilton,control,847
Reservoir,211 LOCKE ST. S HAMILTON ON,hamilton,control,163
Revelry Beauty Bar,112 King St W Dundas ON L9H 1V2 Canada,hamilton,control,234
Ridgeview,385 Highland Rd W Stoney Creek ON L8J 3X9 Canada,hamilton,control,92
Rita's Italian Ice PLATE# 073,13-2 King St W Hamilton ON L8P 1A1 Canada,hamilton,control,995
Royal Pizza & Wings,826 Queenston Rd Stoney Creek ON L8G 4A8 Canada,hamilton,control,882
ROYAL SPICE INDIAN RESTAURANT,160-1685 MAIN ST.W HAMILTON,hamilton,control,773
R-place Tavern,172 Beach Rd Hamilton ON L8L 4A5 Canada,hamilton,control,205
Rugantino,178 Locke St. S Hamilton Ontario L8P 4B3 Canada,hamilton,control,173
S&H Health Foods,315-999 Upper Wentworth Str. Hamilton ON L9A 4X5 Canada,hamilton,control,984
Saigon Asian Restaurant,1024 King St.W. HAMILTON ON L8S 1L5 Canada,hamilton,control,63
Salvation Army - Soup Van,94 York Blvd. Hamilton ON L8R 1R6 Canada,hamilton,control,500
Samir Halal Foods,750 Upper James St Hamilton Ontario L9C 3A2 Canada,hamilton,control,326
Sampaguita Lodging & Rest Home,265 Bay St S Hamilton ON L8P 3J3 Canada,hamilton,control,203
SARAI FRESH FOOD,C-21 PANABAKER DR ANCASTER ON L9G 0A4 Canada,hamilton,control,698
Seasoned Restaurant,162 King William St Hamilton ON L8R 3N9 Canada,hamilton,control,1045
Second Cup,999 Upper Wentworth St Hamilton ON L9A 4X5 Canada,hamilton,control,883
Second Cup Coffee Co.,1004 King St W Hamilton ON L8S 2R4 Canada,hamilton,control,594
Select Sandwich Co.,100-55 Bay Street North Hamilton ON L8R 3P7 Canada,hamilton,control,905
Shawarma and Falafel Factory,1481 MAIN ST. W HAMILTON ON L8S 1E1 Canada,hamilton,control,977
Shawn & Ed,65 Hatt St Dundas ON L9H 0C1 Canada,hamilton,control,961
Shehnai Restaurant,447 Main St W Hamilton ON L8P 1K5 Canada,hamilton,control,232
Shisha Kaif,592 Upper James St Hamilton ON L9C 2Z1 Canada,hamilton,control,384
SJ Immigrant Women's Centre Kitchen,1119 Fennell Ave E Hamilton ON L8T 1S2 Canada,hamilton,control,1059
Skyway Bowl 2020 Inc.,235 Melvin Ave Hamilton ON L8H 2J9 Canada,hamilton,control,162
SNACKLICIOUS BOAT,136 James St S Hamilton ON L8P 2Z4 Canada,hamilton,control,1039
Sobeys,977 Golf Links Rd Ancaster ON L9K 1K1 Canada,hamilton,control,422
Spasso,940 Queenston Rd Stoney Creek ON L8E 3V2 Canada,hamilton,control,47
Speakeasy,445 Ferguson Ave N HAMILTON ON L8L 4Z1 Canada,hamilton,control,1018
St Nicholas Parish Hall,153 Nash Rd S Hamilton ON L8K 4J9 Canada,hamilton,control,159
"St. Joseph's Villa Cafe- 1st floor, East Tower",56 Governor's Rd Dundas ON L9H 5G7 Canada,hamilton,control,167
St. Matthew's House - Seniors Drop-in Center,460 Wentworth N Hamilton ON L8L 2Y3 Canada,hamilton,control,693
STACKED PANCAKE HOUSE,25BC-73 WILSON ST.W Ancaster ON L9G 1N1 Canada,hamilton,control,261
Stairways Coffee House,225 King William St Hamilton ON L8R 1B1 Canada,hamilton,control,179
Starbucks,999 Upper Wentworth St Hamilton Ontario Canada,hamilton,control,217
Starbuck's - Metro,1370 South Service Road Stoney Creek ON Canada,hamilton,control,837
Starbucks Coffee Canada Inc.,1341 Main St W. Hamilton ON L8S 1C6 Canada,hamilton,control,260
Steel City Billiards Inc,1829 Main St W Hamilton ON L8S 1H6 Canada,hamilton,control,1040
Stop Restaurant Bar and Grill,1042 Barton St E Hamilton ON L8L 3E5 Canada,hamilton,control,1043
Subway,2-1405 Upper Ottawa St Hamilton ON L8W 1N3 Canada,hamilton,control,841
Subway,38 York Rd Dundas ON L9H 1L4 Canada,hamilton,control,533
Subway,301 Fruitland Rd Stoney Creek ON L8E 5M1 Canada,hamilton,control,830
Subway,1160 UPPER PARADISE RD HAMILTON ON L9B 2N3 Canada,hamilton,control,523
Subway,1550 Upper James St Hamilton ON L9B 2L6 Canada,hamilton,control,288
Subway,279 Dundas St. E Waterdown ON L0R 2H0 Canada,hamilton,control,747
Subway,188 Barton St Stoney Creek ON L8E 4W3 Canada,hamilton,control,494
Subway,920 Upper Wentworth St Hamilton ON L9A 5C5 Canada,hamilton,control,35
Subway,910 Queenston Rd Stoney Creek ON L8G 1B5 Canada,hamilton,control,586
Subway,54 Wilson St W Ancaster ON L9G 3T8 Canada,hamilton,control,452
Subway #17344,1015 Golf Links Rd ANCASTER ON L9K 1K1 Canada,hamilton,control,449
Sunnyside Grill,930 Upper Paradise Rd Hamilton ON L9B 2N1 Canada,hamilton,control,256
SuperTorino's 2 for 1 piz,521 Highway No. 8 Stoney Creek ON L8G 1G4 Canada,hamilton,control,735
Sushi on Fennell,669 Fennell Ave.East Hamilton,hamilton,control,80
Swiss Chalet,1575 Upper Ottawa St Hamilton ON L8W 3E2 Canada,hamilton,control,389
Taco Bell,677 Upper James St Hamilton ON L9C 5R9 Canada,hamilton,control,252
Taylor's Tea Room,11 King St W Dundas ON L9H 1T5 Canada,hamilton,control,654
THE ARGYLE GOLF BAR INC,304 OTTAWA STREET. N HAMILTON ON L8H 3Z9 Canada,hamilton,control,857
The Bean Bar,1012 King St W Hamilton Ontario,hamilton,control,117
The Binbrook Grill,3020 Binbrook Rd Glanbrook ON L0R 1C0 Canada,hamilton,control,202
The Bombay Grill,32-1070 Stonechurch Rd E Hamilton ON L8W 3K8 Canada,hamilton,control,695
The Brain,199 James St N Hamilton ON L8R 2L2 Canada,hamilton,control,323
The Burnt Tongue,10 Cannon St E Hamilton ON L8L 1Z5 Canada,hamilton,control,807
The Cotton Factory,270 Sherman Av N Hamilton ON L8L 6N4 Canada,hamilton,control,971
The Hungry Traveler - Visitor's Inn,649 Main Street West Hamilton ON L8S 1A2,hamilton,control,805
The Mancala Monk - B,1229 Cannon St E Hamilton ON L8H 1T8 Canada,hamilton,control,435
The Moghul's,2-288 Mud St W Stoney Creek ON L8J 3Z6 Canada,hamilton,control,854
The Royal Coachman,1 Main St N Waterdown ON L0R 2H0 Canada,hamilton,control,382
The Side Door Bar,C-1831 Main Street West Hamilton ON L8S 1H6 Canada,hamilton,control,619
The Soup Stop,1 Young St Hamilton ON L8N 1T8 Canada,hamilton,control,916
THE URBAN VINE INC,134 KING ST.W DUNDAS,hamilton,control,50
The Works Gourmet Burger Bistro,1405 Upper James St Hamilton ON L9B 1K2 Canada,hamilton,control,1011
Thomas Catering - Plate # 002,140 Burrwood Dr Hamilton ON Canada,hamilton,control,647
Tim Hortons,990 Upper Wentworth St Hamilton ON L9A 4Y8 Canada,hamilton,control,316
Tim Hortons,145 Hamilton St N Waterdown ON L0R 2H1 Canada,hamilton,control,482
Tim Hortons,9300 Airport Rd Glanbrook ON L0R 1W0 Canada,hamilton,control,622
Tim Hortons,65 Ottawa St N Hamilton ON L8H 3Y9 Canada,hamilton,control,372
Tim Hortons,529 HWY 8 Stoney Creek ON L8G 1G4 Canada,hamilton,control,181
Tim Hortons,1354 South Service Road Stoney Creek ON L8E 5C5 Canada,hamilton,control,767
Tim Hortons,1188 Rymal Rd E Hamilton ON L8W 3N7 Canada,hamilton,control,267
Tim Hortons,1368 Upper Gage Ave Hamilton ON L8W 1N2 Canada,hamilton,control,69
Tim Hortons,1005 Mohawk Rd W Hamilton ON L9C 7P5 Canada,hamilton,control,645
Tim Hortons,255 Dundas St E Waterdown ON L0R 2H0 Canada,hamilton,control,981
Tim Hortons,100 West 5th St Hamilton ON L8N 3K7 Canada,hamilton,control,328
Tim Hortons,1816 Rymal Rd. E Glanbrook Ontario,hamilton,control,702
Tim Horton's,102 Hwy 8 Stoney Creeek ON L8G 4H3 Canada,hamilton,control,245
Tim Horton's Field - 2 East South,64 Melrose Ave N Hamilton - Downtown (Centre) ON L8L 8C1 Canada,hamilton,control,274
Tim Horton's Field - Refreshment Stands,64 Melrose Ave Hamilton ON L8L 8C1 Canada,hamilton,control,524
Toby's Good Eats Restaura,110 King St W Hamilton ON L8P 4S6 Canada,hamilton,control,596
Tom`s Corner Bar,1119 Fennell Ave. E Hamilton ON,hamilton,control,597
Two Cougars & a Café,601 Burlington St E Hamilton ON L8L 4J5 Canada,hamilton,control,609
University Lanes,101 Osler Dr Dundas ON L9H 4H4 Canada,hamilton,control,54
Uno Mas (basement),150 James St S Hamilton ON L8P 3A2 Canada,hamilton,control,304
Venice Beach Pizzeria,5-1050 Paramount Dr Unit 5 Stoney Creek ON L8T 1P8 Canada,hamilton,control,643
Vibez Caribbean Southern Grill,971 King St. E Hamilton Ontario L8M 1C3 Canada,hamilton,control,551
Victoria Gardens,176 Victoria Ave N Hamilton ON L8L 5G1 Canada,hamilton,control,668
Vintage Coffee Roasters,977 King Street East Hamilton ON L8M 1C3 Canada,hamilton,control,938
Wal-Mart,499 Mohawk Rd E Hamilton ON L8V 4V7 Canada,hamilton,control,480
Waterdown Cafe & Catering- YMCA,356 Rymal Rd E Hamilton ON L9B 1B8 Canada,hamilton,control,189
Wellington Husky,221 Limeridge Road East Hamilton ON L9A 2S6 Canada,hamilton,control,76
West End Restaurant,151 Emerson St Hamilton ON L8S 2Y1 Canada,hamilton,control,513
West Valley Suites,809 King St W Hamilton ON L8S 1K2 Canada,hamilton,control,890
Westfield Heritage Village,1049 Kirkwall Rd Flamborough ON L0R 1X0 Canada,hamilton,control,819
Williams Brothers,35 York Blvd. Hamilton ON Canada,hamilton,control,833
Willy's Catering Plate 021,706-288 Mount Albion Rd Hamilton ON L8K 5T1 Canada,hamilton,control,413
Winchester Arms,120 King St W Dundas ON L9H 1V2 Canada,hamilton,control,379
"Wine Village Inc, The -Fo",27 Jones St Stoney Creek ON L8G 3H9 Canada,hamilton,control,956
Xcalibur Food Trendz,535 King St E Hamilton,hamilton,control,152
Yi Fang,102-100 Main St. E Hamilton ON Canada,hamilton,control,263
Yogurty's,1309 Main Street West Hamilton ON L8S 1C5 Canada,hamilton,control,476
YWCA - At the Table,75 MacNab St S Hamilton ON L8P 3S1 Canada,hamilton,control,836
Zen Lounge,69 JOHN ST. S LL1 HAMILTON ON L8N 2B9 Canada,hamilton,control,929
Znoud Al-Hamdani,28-1070 Stone Church Road. E Hamilton ON L8N 1V2 Canada,hamilton,control,591
A & W,1010 Talbot St St. Thomas ON N5P 4N2,southwestern,control,81
A & W,170 Culloden Rd Ingersoll ON N5C 3J7,southwestern,control,273
Belmont Golf Club,45809 Ferguson Line Belmont ON N0L 1B0,southwestern,control,166
Big D's Sandwich Shack,220 Springbank Ave Woostock ON N4S 7R2,southwestern,control,104
Boston Pizza,106 Broadway St Tillsonburg ON N4G 3P6,southwestern,control,752
"Bridges at Tillsonburg, The",101 John Pound Rd Tillsonburg ON N4G 4H3,southwestern,control,867
Burrito Brothers,192 Currie Road Dutton ON N0L 1J0,southwestern,control,1022
Dave's Homestyle Diner,103-930 Dundas St Woodstock ON N4S 8X6,southwestern,control,901
Denny's,417 Wellington Street St. Thomas ON N5R 5J5,southwestern,control,809
Domino's Pizza,300 Talbot St W Aylmer ON N5H 1K2,southwestern,control,862
Domino's Pizza Inc.,2-360 Norwich Ave Woodstock ON N4S 3W2,southwestern,control,468
Dutton Meadows Golf Course,28411 Thomson Line Dutton ON N0L 1J0,southwestern,control,327
Eden General Store and Restaurant,56967 Eden Line Eden ON N0J 1H0,southwestern,control,333
"Grace Café, The",323 Talbot St St. Thomas ON N5P 1B5,southwestern,control,447
Hammersley's Fish Market,771 Talbot St St. Thomas ON N5P 1E3,southwestern,control,580
Ironworks Kitchen,529 Dundas St Woodstock ON N4S 1C3,southwestern,control,519
Lucky Kitchen,515-517 Talbot St St Thomas ON N5P 1C3,southwestern,control,633
Mark's Chop Suey,296 Dundas St Woodstock ON N4S 1B3,southwestern,control,946
Mer's Beach Pub,3360 Imperial Rd Port Bruce ON N0L 2J0,southwestern,control,397
Miss Ingersoll Family Restaurant,107 Thames St S Ingersoll ON N5C 2T3,southwestern,control,298
Miss Woodstock Restaurant,656 Dundas St Woodstock ON N4S 1E3,southwestern,control,135
New Sarum Diner,46230 New Sarum Line St. Thomas ON N5P 3S7,southwestern,control,710
ONT Express,401223 Hwy 401 Ingersoll ON N5C 3K1,southwestern,control,342
Osmow's,3-547 Norwich Ave Woodstock ON N4S 3W5,southwestern,control,331
Pierside Pub,158 William St Port Stanley ON N5L 1E4,southwestern,control,143
Queen's Cafe,154 Broadway St. Tillsonburg ON N4G 3P8,southwestern,control,996
Rail City Bistro,599 Talbot St St Thomas ON N5P 1C6,southwestern,control,990
Scotty's Family Restaurant,92 Simcoe St Tillsonburg ON N4G 2J1,southwestern,control,211
St Thomas Pizza Inc,860 Talbot St St. Thomas ON N5P 1E2,southwestern,control,899
Subway,401223 Hwy 401 Ingersoll ON N5C 3K1,southwestern,control,671
TA Woodstock 230 Travel Centre - Restaurant,535 Mill St Exit 230 Hwy 401 Woodstock ON N4S 7V6,southwestern,control,991
Talbot Trails Restaurant and Gardens,9353 Graham Rd West Lorne ON N0L 2P0,southwestern,control,987
Tall Tales Café and Variety,29634 Talbot Line Wallacetown ON N0L 2M0,southwestern,control,1026
That Breakfast Place/Pizzaxl's,301 Bridge St. Port Stanley ON N5L 1C3,southwestern,control,426
The Barnyard,559 Dundas St Woodstock ON N4S 1C6,southwestern,control,337
Tim Hortons,200-1534 Dundas St Woodstock ON N4S 7V9,southwestern,control,965
Tim Hortons,228 Dundas St W Woodstock ON N4S 1A7,southwestern,control,795
Tim Hortons,546 Talbot St St. Thomas ON N5P 1C4,southwestern,control,962
Tito's Pizza,62 Simcoe St Tillsonburg ON N4G 2H6,southwestern,control,394
Woodstock Meadows Golf,745364 Oxford Rd 17 Woodstock ON N4S 7W2,southwestern,control,686
10 Buck Pizza,10 Bell St Ingersoll ON N5C 2N5,southwestern,control,412
Asuka Japanese Cuisine,825 Talbot St St. Thomas ON N5P 1E2,southwestern,control,530
Bento Sushi (Wal-Mart),499 Norwich Ave Woodstock ON N4S 9A2,southwestern,control,864
Drumbo Esso - Country Style Donuts/ Pizza Pizza,69 Oxford St W Drumbo ON N0J 1G0,southwestern,control,240
Heritage Homes Community Hub + Julie's Soups,146 Munroe St West Lorne ON N0L 2P0,southwestern,control,955
Just Breathe Yoga Studio - Yoga studio with restaurant,109 Talbot Street W Aylmer ON N5H 1J6,southwestern,control,744
KFC - Dutton ONroute,27585 ON-401 E Dutton ON N0L 1J0,southwestern,control,697
Lucky Garden,10 Princess Ave St. Thomas ON N5R 3V2,southwestern,control,246
Papa Joe's Pizzeria,174 Main St Port Stanley ON N5L 1H6,southwestern,control,501
Petro Canada,509 Broadway St. Tillsonburg ON N4G 3S8,southwestern,control,31
Plattsville Pizza,43 Albert St Plattsville ON N0J 1S0,southwestern,control,652
Popeye's Louisiana Kitchen,A-965 Talbot St St. Thomas ON N5P 1E8,southwestern,control,721
Smokin Caboose Barbeque,43743 Talbot Line St. Thomas ON N5P 3S7,southwestern,control,664
Snyder's Family Farm - Candy Barn,936685 Blenheim Rd Bright ON N0J 1B0,southwestern,control,489
Snyder's Family Farm - Hay Sugar,936685 Blenheim Rd Bright ON N0J 1B0,southwestern,control,587
Starbucks,401225 Highway 401 E Woodstock ON N4S 7V6,southwestern,control,503
Subway,400 Highbury Ave. South St. Thomas ON N5P 0A5,southwestern,control,979
Subway,417 Wellington St St. Thomas ON N5R 5J5,southwestern,control,869
Tito's Pizza,69 Woodstock St S Tavistock ON N0B 2R0 Canada,southwestern,control,109
Traditional Fish and Chips,417 Wellington St St Thomas ON N5R 5J5,southwestern,control,878
Wilson Weenies,99 Mutual St Ingersoll ON N5C 1S6,southwestern,control,220
